year,month,us_stock_return,us_stock_dividend,intl_stock_return,intl_stock_dividend,bond_return,bond_interest_rate,inflation,hysa_interest
1901,1,0.116274,0.0,0.100236,0.0,0.000989,0.042519,0.00427,0.028256
1901,2,-0.025923,0.0,3.3e-05,0.0,-0.00107,0.043701,-0.003045,0.027644
1901,3,0.015548,0.003241,0.039535,0.005067,0.009626,0.049894,0.002477,0.03803
1901,4,0.020107,0.0,0.064886,0.0,0.005975,0.034204,-0.002265,0.024326
1901,5,0.014676,0.0,0.015808,0.0,0.006001,0.040365,0.004019,0.028194
1901,6,-0.011884,0.003246,0.006224,0.005057,0.020099,0.049509,0.001708,0.026191
1901,7,-0.031731,0.0,-0.016307,0.0,0.002081,0.040002,-0.000842,0.03013
1901,8,0.006737,0.0,0.024211,0.0,0.000308,0.036949,0.007387,0.021223
1901,9,0.013881,0.003521,0.040461,0.006559,0.008993,0.049314,-0.000315,0.019331
1901,10,0.023441,0.0,0.078929,0.0,0.01171,0.041152,0.001059,0.028406
1901,11,0.006754,0.0,0.062925,0.0,-0.002839,0.036291,-0.000513,0.025936
1901,12,-0.047317,0.005482,-0.097358,0.006961,0.014172,0.045961,0.004481,0.019766
1902,1,-0.050701,0.0,-0.050313,0.0,0.005308,0.042429,0.001594,0.026962
1902,2,-0.026208,0.0,0.027914,0.0,0.014368,0.037309,0.003666,0.022157
1902,3,0.033672,0.003095,0.054419,0.005609,-0.006813,0.035666,-0.002932,0.028604
1902,4,0.072271,0.0,0.017119,0.0,-0.000509,0.033352,-0.001463,0.025207
1902,5,-0.022853,0.0,-0.012683,0.0,0.006311,0.041268,-1.2e-05,0.028246
1902,6,-0.035219,0.004902,0.000338,0.006162,-0.0025,0.038059,0.004439,0.028917
1902,7,0.031474,0.0,-0.026609,0.0,0.006016,0.040131,0.003694,0.016609
1902,8,-0.013299,0.0,0.054223,0.0,-0.002612,0.051515,0.002494,0.028645
1902,9,0.020225,0.004243,-0.03267,0.006864,0.004699,0.037109,0.00137,0.026185
1902,10,0.021114,0.0,0.035014,0.0,0.000384,0.043901,0.001565,0.023084
1902,11,0.021742,0.0,0.021107,0.0,-0.007916,0.051158,-0.000457,0.020143
1902,12,0.053348,0.004528,0.018428,0.006393,0.003341,0.038903,-0.001496,0.024772
1903,1,0.011745,0.0,0.045446,0.0,-0.01079,0.03046,-0.000744,0.023099
1903,2,-0.10148,0.0,-0.025359,0.0,0.01702,0.036866,0.002445,0.023045
1903,3,0.053201,0.004898,0.005349,0.006331,-0.005432,0.035272,0.001687,0.035148
1903,4,-0.044259,0.0,-0.079969,0.0,0.00493,0.031662,0.004005,0.028044
1903,5,-0.000232,0.0,0.074658,0.0,-0.002847,0.042484,0.000632,0.018822
1903,6,0.038165,0.003228,0.047368,0.005966,-0.013761,0.037924,0.002204,0.025268
1903,7,-0.00318,0.0,0.029655,0.0,0.004964,0.043478,0.00638,0.025768
1903,8,-0.022637,0.0,0.013023,0.0,0.006591,0.03731,0.004257,0.017252
1903,9,0.058396,0.003552,0.053255,0.006266,0.010323,0.042569,0.004472,0.020359
1903,10,-0.003937,0.0,-0.001882,0.0,-0.006046,0.030804,0.004223,0.029318
1903,11,-0.015215,0.0,0.02562,0.0,-0.009207,0.035898,0.005004,0.019852
1903,12,-0.026194,0.005603,-0.048157,0.006185,0.008366,0.033325,0.00167,0.024554
1904,1,-0.048365,0.0,-0.007728,0.0,0.011257,0.044648,0.005965,0.022246
1904,2,-0.031014,0.0,-0.053355,0.0,0.000777,0.033664,0.007414,0.020986
1904,3,0.011628,0.005322,0.048931,0.006794,0.004636,0.041471,0.00393,0.018042
1904,4,-0.021179,0.0,-0.036428,0.0,0.01246,0.050453,0.001287,0.03002
1904,5,-0.035245,0.0,-0.024682,0.0,0.002332,0.041464,0.00145,0.029172
1904,6,0.012766,0.004666,0.033171,0.006408,-0.005183,0.035074,-0.004841,0.024224
1904,7,-0.035497,0.0,-0.101881,0.0,0.016922,0.038335,0.003653,0.020357
1904,8,-0.01075,0.0,0.018278,0.0,0.002258,0.043093,0.002575,0.014737
1904,9,-0.009835,0.004686,0.038828,0.008785,0.000793,0.032608,0.005226,0.026071
1904,10,-0.048838,0.0,-0.024537,0.0,0.014264,0.041649,0.004518,0.029603
1904,11,-0.007114,0.0,0.053682,0.0,-0.000272,0.038889,-0.000146,0.024744
1904,12,-0.052042,0.005058,-0.021362,0.007855,0.007864,0.038158,0.002286,0.027297
1905,1,0.000724,0.0,-0.01759,0.0,0.003808,0.03984,-0.004382,0.032036
1905,2,-0.053696,0.0,-0.06222,0.0,0.003869,0.029656,-0.001998,0.032549
1905,3,0.026537,0.001794,0.039525,0.006544,0.01311,0.034758,0.005132,0.018593
1905,4,0.033805,0.0,0.014735,0.0,0.008305,0.048791,0.003889,0.026535
1905,5,0.045605,0.0,0.05431,0.0,-0.007144,0.040428,0.001647,0.015581
1905,6,0.11205,0.003387,0.118936,0.004285,0.001025,0.033436,0.006497,0.025168
1905,7,-0.004339,0.0,-0.028299,0.0,0.001603,0.03753,-7.8e-05,0.027764
1905,8,0.017264,0.0,0.016747,0.0,7.4e-05,0.036739,0.001511,0.020712
1905,9,0.007361,0.002567,0.034588,0.005214,0.013468,0.040611,-4.2e-05,0.017866
1905,10,0.062072,0.0,0.051166,0.0,-0.002158,0.04233,0.002315,0.024321
1905,11,0.042546,0.0,0.00798,0.0,0.002702,0.046366,0.003044,0.019027
1905,12,0.008541,0.001844,0.008132,0.005505,0.015592,0.045005,-0.001229,0.033345
1906,1,0.091405,0.0,0.055229,0.0,-0.004089,0.041703,0.004978,0.01883
1906,2,-0.008041,0.0,-0.059013,0.0,0.005786,0.040157,0.001943,0.039441
1906,3,0.063464,0.004559,0.015341,0.005314,0.013201,0.038325,0.000567,0.030832
1906,4,-0.007685,0.0,-0.012807,0.0,-0.001174,0.039053,3e-06,0.026384
1906,5,0.013682,0.0,-0.009584,0.0,0.014817,0.041149,0.005378,0.022141
1906,6,-0.062113,0.003869,-0.0062,0.007551,0.009254,0.039816,0.004015,0.030186
1906,7,0.051982,0.0,0.005622,0.0,0.00288,0.035409,0.00483,0.018545
1906,8,0.005116,0.0,0.042357,0.0,-0.006478,0.041625,0.001464,0.019903
1906,9,-0.006667,0.004589,-0.036604,0.00862,-0.008682,0.038563,0.006566,0.032156
1906,10,0.018585,0.0,0.01783,0.0,0.004261,0.038619,0.000869,0.024995
1906,11,-0.06835,0.0,-0.085845,0.0,0.00814,0.02608,-0.000227,0.01807
1906,12,0.020346,0.003064,0.013993,0.006941,0.00074,0.043131,-0.000363,0.031697
1907,1,0.03754,0.0,0.035063,0.0,-0.00618,0.033695,0.002814,0.018125
1907,2,0.020532,0.0,0.012316,0.0,-0.011283,0.046475,0.001528,0.032683
1907,3,-0.077996,0.003533,-0.037172,0.00644,-0.00314,0.02932,0.001323,0.034461
1907,4,0.022326,0.0,0.016255,0.0,-0.00719,0.045598,0.00117,0.03135
1907,5,-0.09545,0.0,-0.086681,0.0,0.012524,0.041393,0.00286,0.026794
1907,6,0.049026,0.003558,0.011278,0.004607,0.008467,0.036425,0.004988,0.030714
1907,7,0.095046,0.0,0.066206,0.0,0.003177,0.050103,-0.003843,0.025168
1907,8,0.065567,0.0,0.035418,0.0,4.1e-05,0.038234,-0.000682,0.027905
1907,9,0.08105,0.003026,0.015251,0.005216,-0.003069,0.048686,0.006801,0.023485
1907,10,-0.06371,0.0,-0.000964,0.0,0.013321,0.043231,0.00357,0.023102
1907,11,0.008985,0.0,-0.029796,0.0,0.007672,0.041318,-0.000294,0.018091
1907,12,-0.030348,0.003516,-0.031308,0.005456,-0.00846,0.03329,0.003304,0.02159
1908,1,-0.013192,0.0,-0.039977,0.0,-0.00042,0.042216,0.002325,0.034679
1908,2,0.061521,0.0,0.026232,0.0,0.012327,0.043117,0.00027,0.030076
1908,3,0.028454,0.004145,0.005128,0.00777,-0.002451,0.036756,-0.000167,0.018458
1908,4,0.071657,0.0,0.001021,0.0,-0.019377,0.032169,0.006384,0.030343
1908,5,0.077941,0.0,0.033498,0.0,0.015679,0.039566,0.002477,0.023247
1908,6,0.050837,0.003939,0.064101,0.006472,-0.001108,0.044309,0.001234,0.030317
1908,7,-0.038442,0.0,-0.016731,0.0,0.01163,0.042164,-0.000243,0.023598
1908,8,0.044677,0.0,0.094836,0.0,-0.004601,0.042685,0.005158,0.021937
1908,9,0.029374,0.005329,0.016662,0.006896,-0.010487,0.045838,0.000606,0.026304
1908,10,0.070098,0.0,-0.017717,0.0,-0.001165,0.037965,5.1e-05,0.028049
1908,11,-0.019715,0.0,-0.014723,0.0,0.005373,0.038333,0.004878,0.035607
1908,12,-0.011919,0.003572,0.01171,0.005333,0.017855,0.039187,0.001277,0.021827
1909,1,-0.068462,0.0,-0.058065,0.0,0.009533,0.041609,0.002974,0.025207
1909,2,0.018158,0.0,0.006714,0.0,-0.012754,0.041695,-0.000599,0.019525
1909,3,0.046704,0.003734,0.026785,0.00551,0.005144,0.038393,0.001653,0.024073
1909,4,0.002743,0.0,0.017936,0.0,0.004641,0.044995,0.008258,0.027422
1909,5,0.023467,0.0,0.040714,0.0,0.002318,0.045974,0.003154,0.030489
1909,6,-0.010589,0.004504,-0.039691,0.007689,0.001571,0.039758,0.003147,0.024274
1909,7,0.070893,0.0,0.082145,0.0,0.006043,0.037469,0.002405,0.029666
1909,8,-0.009,0.0,-0.018483,0.0,0.000429,0.031723,0.002675,0.024274
1909,9,-0.014499,0.004704,-0.00296,0.005242,0.026086,0.038044,0.001034,0.022554
1909,10,0.012115,0.0,-0.01645,0.0,-0.001149,0.032603,-0.002018,0.020061
1909,11,-1.4e-05,0.0,0.031573,0.0,0.008347,0.041883,0.000797,0.024848
1909,12,0.028261,0.004031,0.078822,0.005898,-0.010541,0.034281,0.002271,0.022085
1910,1,-0.017957,0.0,-0.056672,0.0,-0.001853,0.051214,0.004566,0.026384
1910,2,-0.021866,0.0,-0.053733,0.0,2.5e-05,0.038736,-0.001488,0.030093
1910,3,-0.063069,0.006117,-0.025843,0.004099,-0.011987,0.04601,0.006791,0.028959
1910,4,0.040753,0.0,0.007093,0.0,-0.005409,0.032761,0.00195,0.018745
1910,5,0.084731,0.0,0.032138,0.0,0.007748,0.027943,-0.001459,0.034107
1910,6,-0.013674,0.00155,-0.03339,0.00492,-0.010837,0.035553,0.007115,0.028297
1910,7,-0.006193,0.0,0.026375,0.0,0.00747,0.032869,0.00044,0.028791
1910,8,0.019977,0.0,0.047811,0.0,0.00138,0.041893,0.00082,0.019374
1910,9,0.01072,0.001825,0.0287,0.005397,0.027335,0.036429,-0.001993,0.025545
1910,10,0.047251,0.0,0.016679,0.0,0.011967,0.038198,-0.00193,0.025161
1910,11,-0.013274,0.0,0.015962,0.0,0.000295,0.038805,0.004772,0.028914
1910,12,0.009107,0.00248,0.032188,0.006046,-0.001494,0.038791,0.003456,0.030054
1911,1,-0.001231,0.0,-0.041824,0.0,0.004701,0.037842,0.003704,0.026173
1911,2,0.007813,0.0,0.014729,0.0,0.004693,0.039564,0.003875,0.027775
1911,3,0.03135,0.003756,0.040822,0.007041,-0.011061,0.039188,-0.000109,0.02126
1911,4,-0.000489,0.0,0.039561,0.0,0.008629,0.039955,0.003708,0.027148
1911,5,0.056938,0.0,0.065124,0.0,0.004889,0.045796,0.007333,0.016306
1911,6,0.049602,0.0038,0.036231,0.00444,0.01107,0.028845,0.000472,0.024373
1911,7,0.036618,0.0,0.046858,0.0,0.001101,0.034688,0.002431,0.031181
1911,8,-0.016199,0.0,-0.005752,0.0,-0.003702,0.042565,0.006345,0.026785
1911,9,0.086413,0.004908,0.116043,0.007645,-0.01076,0.044491,-0.000962,0.029
1911,10,0.022593,0.0,0.002227,0.0,0.003206,0.043999,-0.002975,0.024017
1911,11,0.038401,0.0,0.02935,0.0,-7.3e-05,0.033754,0.003129,0.028965
1911,12,-0.032988,0.003638,-0.066945,0.006755,0.009008,0.038096,0.003712,0.034374
1912,1,0.021158,0.0,0.039417,0.0,-0.000907,0.042391,0.000697,0.024032
1912,2,0.018335,0.0,0.009108,0.0,0.002115,0.04157,0.005384,0.026726
1912,3,0.059717,0.002133,0.006268,0.004142,0.007992,0.030075,0.002048,0.019683
1912,4,0.029477,0.0,-0.023466,0.0,0.005399,0.047751,0.003755,0.03578
1912,5,0.019864,0.0,0.010899,0.0,0.010331,0.04265,0.006258,0.020298
1912,6,-0.016546,0.004597,-0.014996,0.004723,0.012196,0.034015,0.008116,0.02619
1912,7,-0.001323,0.0,0.031553,0.0,0.004711,0.036936,0.003187,0.021051
1912,8,-0.063706,0.0,-0.083066,0.0,-0.006919,0.033894,0.002495,0.023743
1912,9,0.058117,0.004903,0.046406,0.006452,0.007802,0.034196,0.000663,0.035645
1912,10,0.001506,0.0,0.014464,0.0,0.009832,0.046571,0.004403,0.033453
1912,11,-0.024952,0.0,-0.015011,0.0,-0.021477,0.039595,0.003274,0.025428
1912,12,0.07537,0.00384,0.081277,0.007728,0.026409,0.050241,0.003034,0.02153
1913,1,0.011868,0.0,-0.047587,0.0,0.00227,0.040612,0.000225,0.015842
1913,2,-0.010577,0.0,-0.028973,0.0,0.005267,0.036018,0.000598,0.026011
1913,3,0.002523,0.004065,0.018861,0.006309,-0.004281,0.049378,0.00257,0.033603
1913,4,-0.034611,0.0,-0.055278,0.0,-0.00434,0.036998,0.003942,0.030951
1913,5,-0.049621,0.0,-0.086815,0.0,0.00894,0.037909,-0.002174,0.035285
1913,6,0.01311,0.003284,-0.01443,0.005662,0.000527,0.040992,0.00099,0.02823
1913,7,0.034065,0.0,0.021602,0.0,0.004183,0.042188,0.001039,0.022455
1913,8,0.007194,0.0,0.036511,0.0,0.001666,0.04178,0.001801,0.019875
1913,9,0.060187,0.005359,0.025954,0.006684,0.00594,0.035879,-1.2e-05,0.022233
1913,10,-0.02072,0.0,-0.045349,0.0,-0.009053,0.036362,-0.000962,0.01461
1913,11,-0.031213,0.0,-0.032137,0.0,-0.009117,0.04391,0.006063,0.026076
1913,12,-0.012724,0.004638,-0.0789,0.007278,-0.001327,0.03912,0.005415,0.029582
1914,1,0.00564,0.0,-0.032317,0.0,0.010621,0.047742,0.002223,0.031573
1914,2,-0.024311,0.0,-0.024317,0.0,-0.005994,0.041725,0.000528,0.029923
1914,3,-0.013482,0.004931,-0.04582,0.007105,0.000909,0.046199,0.001802,0.031165
1914,4,0.051232,0.0,0.046972,0.0,0.003086,0.048457,-0.0004,0.022945
1914,5,-0.055321,0.0,-0.053662,0.0,-0.003136,0.031097,0.00021,0.027175
1914,6,0.045061,0.0037,0.033185,0.00713,-0.000732,0.038997,0.001527,0.02076
1914,7,0.04095,0.0,0.053092,0.0,-0.000681,0.039555,0.00167,0.018154
1914,8,-0.013332,0.0,-0.049145,0.0,0.009467,0.038984,0.004985,0.024379
1914,9,-0.028844,0.004682,-0.037503,0.003735,-0.001285,0.04617,-0.003029,0.028703
1914,10,0.008215,0.0,-0.01982,0.0,0.006742,0.043866,0.003031,0.021945
1914,11,-0.026214,0.0,-0.028201,0.0,0.002789,0.043825,0.002549,0.021704
1914,12,0.026082,0.004771,0.013352,0.007404,0.015878,0.036031,0.006829,0.02926
1915,1,0.082633,0.0,0.054776,0.0,-0.011943,0.03241,-0.000618,0.022888
1915,2,-0.023228,0.0,-0.07066,0.0,0.015517,0.045587,0.002853,0.024235
1915,3,-0.005415,0.004644,0.003404,0.00505,0.00486,0.041802,0.004053,0.030288
1915,4,0.012124,0.0,0.014087,0.0,0.005283,0.042041,0.005072,0.027415
1915,5,0.05591,0.0,-0.031069,0.0,-0.008444,0.040317,0.000454,0.025741
1915,6,0.070867,0.004194,0.092134,0.005465,-0.00422,0.032624,0.004421,0.014043
1915,7,0.043122,0.0,0.055448,0.0,0.01339,0.044206,0.002882,0.024062
1915,8,0.042819,0.0,0.002743,0.0,-0.004195,0.04044,0.001867,0.029336
1915,9,0.005396,0.004584,0.032036,0.005515,0.004801,0.037166,0.003966,0.024908
1915,10,0.007233,0.0,-0.027064,0.0,0.00843,0.048914,7.9e-05,0.022856
1915,11,-0.012352,0.0,-0.067355,0.0,-0.003951,0.035794,0.007184,0.025455
1915,12,-0.009067,0.003891,0.007544,0.005526,-0.001958,0.038254,0.006275,0.031181
1916,1,0.02451,0.0,-0.00082,0.0,0.008845,0.039693,0.001893,0.031456
1916,2,0.02731,0.0,0.010436,0.0,-0.000657,0.044561,0.004222,0.02599
1916,3,0.01825,0.002609,-0.046013,0.007072,-0.000606,0.035511,0.004986,0.021748
1916,4,0.035619,0.0,0.0099,0.0,-0.004067,0.045554,0.004221,0.029925
1916,5,0.060232,0.0,0.025301,0.0,0.011481,0.037871,0.007405,0.013833
1916,6,-0.000909,0.002901,0.049893,0.004981,0.007044,0.038179,0.001527,0.025941
1916,7,-0.039339,0.0,-0.019889,0.0,0.029494,0.039899,0.000124,0.025484
1916,8,0.058985,0.0,0.12857,0.0,0.016073,0.045006,0.001303,0.026246
1916,9,-0.073861,0.002641,-0.025184,0.004277,0.001322,0.041663,-8.6e-05,0.026699
1916,10,0.045367,0.0,0.025437,0.0,0.008367,0.03674,0.004548,0.027388
1916,11,-0.054514,0.0,-0.033613,0.0,0.010164,0.036097,0.001193,0.037366
1916,12,0.05302,0.005868,0.020631,0.006706,0.005806,0.035133,0.005682,0.018926
1917,1,0.035877,0.0,0.004371,0.0,0.002879,0.03637,0.009834,0.027342
1917,2,-0.008862,0.0,-0.008978,0.0,0.000623,0.039531,0.01735,0.02429
1917,3,0.07001,0.004554,0.058622,0.007213,0.013044,0.037976,0.004237,0.025869
1917,4,-0.087494,0.0,-0.040658,0.0,0.027989,0.034935,0.017779,0.017524
1917,5,0.006972,0.0,-0.016399,0.0,0.014745,0.044962,0.012675,0.021325
1917,6,-0.058185,0.00388,0.003659,0.006036,-0.016136,0.039424,0.011313,0.023371
1917,7,-0.01248,0.0,0.058649,0.0,0.005621,0.043836,0.011214,0.023393
1917,8,-0.002897,0.0,-0.026656,0.0,0.008469,0.036134,0.014149,0.029959
1917,9,-0.023503,0.003247,0.015986,0.007231,0.014298,0.039118,0.010132,0.023472
1917,10,0.040596,0.0,0.043012,0.0,0.01625,0.034725,0.007455,0.029697
1917,11,-0.10109,0.0,-0.118845,0.0,0.008659,0.038784,0.015184,0.020272
1917,12,-0.045176,0.004904,0.018052,0.005562,-0.004101,0.044867,0.010976,0.022724
1918,1,-0.015948,0.0,-0.009343,0.0,-0.014886,0.045534,0.004322,0.024854
1918,2,-0.05146,0.0,-0.070277,0.0,0.006561,0.040944,0.006417,0.024011
1918,3,-0.02081,0.004964,-0.039104,0.005299,0.015022,0.034921,0.014315,0.029589
1918,4,0.046381,0.0,0.006933,0.0,0.014605,0.042911,0.00942,0.023981
1918,5,0.063929,0.0,0.078713,0.0,0.007629,0.035839,0.020074,0.021901
1918,6,0.080238,0.003096,0.071134,0.005776,-0.001217,0.02904,0.011511,0.022226
1918,7,-0.006896,0.0,-0.034988,0.0,-0.002007,0.029289,0.010755,0.020405
1918,8,0.00554,0.0,0.02683,0.0,-0.007336,0.042533,0.008971,0.023437
1918,9,0.013888,0.004429,0.007482,0.007441,-0.008729,0.04566,0.01356,0.025898
1918,10,-0.018259,0.0,0.008962,0.0,0.005664,0.042402,0.011575,0.030645
1918,11,0.014908,0.0,0.006893,0.0,0.00166,0.039475,0.0134,0.027747
1918,12,0.009808,0.001977,-0.018639,0.005897,0.010888,0.03878,0.008789,0.023702
1919,1,0.023617,0.0,0.011772,0.0,0.017394,0.029397,0.007349,0.02513
1919,2,-0.041741,0.0,0.00248,0.0,0.008982,0.036368,0.009717,0.032535
1919,3,-0.015474,0.004423,0.02011,0.005104,0.000808,0.036144,0.019839,0.03228
1919,4,0.017055,0.0,0.040659,0.0,-0.000548,0.033187,0.014045,0.023552
1919,5,0.020011,0.0,0.035379,0.0,0.004343,0.046268,0.021562,0.023445
1919,6,0.05565,0.003806,0.026068,0.003985,-0.004184,0.040734,0.009463,0.021278
1919,7,-0.012487,0.0,-0.042894,0.0,0.002505,0.043516,0.019631,0.01605
1919,8,0.053999,0.0,0.057714,0.0,-0.006605,0.039865,0.013103,0.021408
1919,9,0.011383,0.004277,0.032107,0.006642,0.010233,0.031776,0.015295,0.017918
1919,10,0.044824,0.0,0.006454,0.0,-0.002357,0.040555,0.007843,0.017655
1919,11,0.028064,0.0,0.009694,0.0,0.018823,0.033559,0.014815,0.029184
1919,12,-0.020232,0.0047,-0.042129,0.004778,0.004478,0.039782,0.015543,0.021951
1920,1,-0.046199,0.0,-0.033825,0.0,0.00615,0.043851,0.018693,0.029149
1920,2,0.070805,0.0,0.003235,0.0,0.009177,0.044408,0.007116,0.034204
1920,3,-0.019227,0.003854,0.043642,0.006073,-0.01098,0.046272,0.020542,0.031128
1920,4,-0.038556,0.0,-0.026793,0.0,0.007348,0.047535,0.011214,0.029623
1920,5,0.03023,0.0,0.020031,0.0,-0.006213,0.037301,0.011635,0.025557
1920,6,0.051461,0.003735,0.014959,0.006042,0.001126,0.039005,0.005485,0.024548
1920,7,0.069497,0.0,0.043412,0.0,0.01966,0.043468,0.008549,0.025394
1920,8,0.0149,0.0,-0.007527,0.0,0.006947,0.042788,0.014831,0.011226
1920,9,-0.040487,0.004161,-0.010048,0.006352,-0.0136,0.049173,0.008123,0.020356
1920,10,0.030778,0.0,-0.003723,0.0,0.006792,0.043816,0.005925,0.020353
1920,11,-0.000908,0.0,-0.030533,0.0,0.010765,0.028087,0.004,0.03356
1920,12,0.020251,0.004327,0.022523,0.006585,-0.009419,0.039576,0.017525,0.02954
1921,1,-0.027746,0.0,-0.025594,0.0,5.6e-05,0.044788,0.004756,0.020931
1921,2,-0.020486,0.0,-0.024405,0.0,0.017993,0.041238,0.002312,0.024989
1921,3,-0.016197,0.005847,-0.033544,0.005024,0.005773,0.05412,0.002451,0.02322
1921,4,-0.117109,0.0,-0.075619,0.0,-0.002008,0.043263,0.000996,0.031821
1921,5,-0.051566,0.0,0.020663,0.0,0.001643,0.041047,0.001081,0.021326
1921,6,-0.030533,0.004226,0.0145,0.005842,0.000621,0.04248,-0.00183,0.021321
1921,7,-0.015263,0.0,0.049684,0.0,0.002129,0.043503,0.003925,0.030316
1921,8,-0.023517,0.0,-0.021749,0.0,0.017469,0.038623,9.5e-05,0.027876
1921,9,0.027046,0.00523,0.04221,0.007139,-0.002148,0.030732,0.003634,0.024681
1921,10,0.077617,0.0,0.048309,0.0,0.00937,0.030325,0.006499,0.029053
1921,11,0.014865,0.0,0.003404,0.0,0.002592,0.048457,0.00372,0.023243
1921,12,0.018043,0.003579,0.055195,0.007019,-0.011617,0.04159,0.003923,0.027486
1922,1,-0.027114,0.0,-0.069159,0.0,0.016498,0.033801,0.004847,0.025945
1922,2,0.04291,0.0,0.03372,0.0,0.006324,0.036805,0.00022,0.026229
1922,3,0.001658,0.002978,-0.00946,0.004362,-0.012114,0.046215,0.000272,0.032397
1922,4,0.014317,0.0,0.087353,0.0,0.004573,0.038031,0.005613,0.030031
1922,5,0.018283,0.0,0.066369,0.0,0.007973,0.04572,-9.4e-05,0.021481
1922,6,0.003936,0.004069,-0.018924,0.008533,0.013214,0.036321,0.006163,0.025146
1922,7,0.010852,0.0,0.016171,0.0,0.009127,0.040037,0.00188,0.029496
1922,8,-0.018628,0.0,0.010116,0.0,0.008727,0.044207,0.00298,0.028299
1922,9,-0.011817,0.003261,-0.000941,0.006743,0.001644,0.045,0.00509,0.033062
1922,10,-0.001523,0.0,0.002045,0.0,0.010292,0.043798,-8e-06,0.036128
1922,11,0.062769,0.0,0.027568,0.0,0.002698,0.041744,0.004366,0.017748
1922,12,-0.020532,0.00554,-0.031602,0.003716,0.012422,0.035588,0.002488,0.031729
1923,1,0.027143,0.0,0.004819,0.0,0.006432,0.041944,-0.000351,0.02767
1923,2,0.004235,0.0,0.016961,0.0,0.002352,0.042158,0.00104,0.026881
1923,3,-0.028433,0.003447,-0.003821,0.006481,-0.006414,0.039516,0.004417,0.021295
1923,4,0.01347,0.0,0.080389,0.0,0.013485,0.041467,0.000165,0.021219
1923,5,0.005418,0.0,0.063332,0.0,-0.01247,0.03889,0.002714,0.024272
1923,6,0.005375,0.004856,0.008475,0.005556,0.011477,0.03972,4.8e-05,0.02198
1923,7,-0.029177,0.0,-0.024922,0.0,-0.001601,0.041763,0.010102,0.024875
1923,8,-0.001942,0.0,-0.005811,0.0,-0.007179,0.046564,0.005543,0.033095
1923,9,0.000457,0.002299,0.014308,0.008979,-0.028248,0.03733,-0.000267,0.030687
1923,10,-0.038057,0.0,-0.051452,0.0,0.000878,0.043978,-0.002978,0.020428
1923,11,0.042588,0.0,0.037479,0.0,0.004796,0.050391,0.004849,0.026451
1923,12,0.063293,0.001481,0.04788,0.005304,-0.000143,0.042492,-0.002575,0.031055
1924,1,-0.043566,0.0,-0.036431,0.0,-0.006638,0.033493,0.001859,0.01467
1924,2,-0.07713,0.0,-0.072344,0.0,-0.001272,0.045437,0.00321,0.033358
1924,3,-0.043811,0.00399,-0.056783,0.003783,-0.002466,0.033312,0.003757,0.019564
1924,4,-0.011047,0.0,0.071122,0.0,0.000445,0.040992,0.000523,0.025468
1924,5,-0.008272,0.0,0.01723,0.0,0.005847,0.038684,0.003381,0.031948
1924,6,-0.012318,0.004683,-0.036575,0.006884,0.009394,0.039499,0.002165,0.037933
1924,7,-0.007594,0.0,0.007301,0.0,0.011121,0.034014,0.007135,0.029361
1924,8,-0.006977,0.0,0.028132,0.0,0.000442,0.041997,0.00121,0.029163
1924,9,0.004143,0.004922,-0.046013,0.005621,0.010733,0.047449,-0.001173,0.025342
1924,10,-0.007091,0.0,-0.069155,0.0,0.010906,0.033967,0.000497,0.025174
1924,11,0.004318,0.0,-0.043425,0.0,-0.000659,0.040973,0.000834,0.025244
1924,12,-0.001079,0.005018,-0.036234,0.006323,0.01361,0.042619,-0.001226,0.029185
1925,1,0.021972,0.0,0.028996,0.0,0.009939,0.038571,0.002766,0.019012
1925,2,-0.010257,0.0,0.027599,0.0,0.001968,0.03474,0.001117,0.027003
1925,3,-0.03565,0.002207,-0.041454,0.00645,0.002384,0.04142,0.002923,0.028086
1925,4,0.019162,0.0,-0.008692,0.0,0.004779,0.03794,0.005629,0.031184
1925,5,0.039716,0.0,0.07664,0.0,0.007379,0.045028,0.000316,0.022844
1925,6,0.000589,0.004313,0.020507,0.004837,0.002087,0.042377,-3.4e-05,0.025595
1925,7,0.046363,0.0,0.070802,0.0,0.003898,0.026577,0.006023,0.03111
1925,8,0.008044,0.0,0.06605,0.0,0.012219,0.048676,0.006152,0.023167
1925,9,-0.067437,0.003167,-0.051535,0.005672,-0.004111,0.048556,-0.000285,0.025208
1925,10,-0.037126,0.0,-0.018101,0.0,0.008853,0.042976,0.001396,0.022625
1925,11,0.057986,0.0,0.019407,0.0,-0.005847,0.041801,0.004103,0.027338
1925,12,0.05512,0.005288,0.062377,0.004474,0.005038,0.04022,0.012652,0.031438
1926,1,-0.052668,0.0,-0.001846,0.0,-0.011399,0.039668,0.004275,0.023956
1926,2,0.07428,0.0,0.11783,0.0,0.000465,0.042201,0.001097,0.014722
1926,3,0.03004,0.003389,0.001697,0.005407,0.000872,0.050855,0.002296,0.030088
1926,4,0.031073,0.0,0.076191,0.0,0.003469,0.038727,0.001346,0.029872
1926,5,0.032235,0.0,0.024935,0.0,0.001791,0.055262,0.001569,0.02079
1926,6,0.033144,0.004878,0.015006,0.005945,-0.006727,0.03849,0.002123,0.027813
1926,7,-0.004203,0.0,0.011292,0.0,-0.015512,0.039868,0.003621,0.028964
1926,8,0.007511,0.0,-0.017451,0.0,-0.003198,0.042588,0.003557,0.033754
1926,9,-0.063653,0.005406,-0.05505,0.006039,0.002978,0.030541,0.003969,0.021988
1926,10,0.005946,0.0,0.008488,0.0,-0.002099,0.040331,0.003904,0.021263
1926,11,0.024893,0.0,0.058014,0.0,0.000863,0.049162,0.001553,0.022996
1926,12,0.009312,0.00631,-0.01935,0.005363,0.007279,0.043047,0.00467,0.02003
1927,1,0.046398,0.0,0.033948,0.0,-0.001876,0.041277,0.003418,0.024045
1927,2,0.021761,0.0,0.019121,0.0,0.005719,0.042746,0.000321,0.022577
1927,3,0.08339,0.003038,0.068004,0.0058,-0.009699,0.043528,0.001079,0.02135
1927,4,-0.035721,0.0,-0.04012,0.0,-0.006228,0.042478,0.005494,0.016334
1927,5,0.011495,0.0,0.033346,0.0,0.003612,0.041701,-0.000431,0.022005
1927,6,0.003832,0.005657,-0.01171,0.00527,-0.006104,0.0384,0.005224,0.029466
1927,7,-0.035786,0.0,-0.012715,0.0,0.014014,0.033343,0.002074,0.024947
1927,8,0.037701,0.0,0.0534,0.0,-0.002293,0.041771,0.000129,0.028534
1927,9,0.027115,0.002815,0.006607,0.006273,-0.003954,0.037858,0.006947,0.025048
1927,10,0.062993,0.0,0.003117,0.0,0.008153,0.030995,0.000709,0.018546
1927,11,0.027293,0.0,0.044671,0.0,-0.016522,0.041929,0.004044,0.025712
1927,12,0.007969,0.003242,0.024869,0.006553,0.002441,0.036003,0.001003,0.030325
1928,1,-0.021528,0.0,0.013625,0.0,0.007219,0.046669,0.003188,0.022567
1928,2,0.027749,0.0,0.039901,0.0,0.014503,0.034103,-0.002939,0.029946
1928,3,0.006624,0.003997,0.003652,0.007388,-0.003396,0.034787,0.00316,0.020318
1928,4,0.035147,0.0,0.038258,0.0,0.006317,0.039256,0.006848,0.021417
1928,5,0.052568,0.0,-0.027514,0.0,0.001727,0.036455,0.005665,0.022712
1928,6,-0.009361,0.003411,0.028626,0.005026,-0.005648,0.041415,0.002405,0.025309
1928,7,0.059246,0.0,0.044238,0.0,0.006854,0.035423,0.001764,0.027247
1928,8,-0.060306,0.0,-0.006557,0.0,-0.004796,0.045667,0.004019,0.026704
1928,9,0.012371,0.004639,0.021928,0.006125,0.020378,0.039416,0.001762,0.032507
1928,10,-0.013282,0.0,-0.038423,0.0,-0.010186,0.040875,0.008628,0.023006
1928,11,0.1075,0.0,0.079759,0.0,0.007805,0.045492,0.003952,0.026221
1928,12,0.055,0.00365,0.1134,0.006127,0.012732,0.035161,0.001255,0.024801
1929,1,-0.056949,0.0,-0.017482,0.0,-0.008311,0.042407,-0.000771,0.021832
1929,2,0.000708,0.0,-0.026238,0.0,0.004655,0.041667,-0.000166,0.028333
1929,3,0.097171,0.003916,0.016175,0.004994,-0.004838,0.045918,0.001788,0.027054
1929,4,0.004392,0.0,-0.02667,0.0,-2.3e-05,0.041773,0.002055,0.030839
1929,5,0.000322,0.0,0.001066,0.0,-0.015022,0.034255,0.001403,0.022309
1929,6,-0.043334,0.003266,-0.098859,0.006132,0.007006,0.034781,-0.000275,0.038214
1929,7,0.026535,0.0,0.048564,0.0,0.005115,0.045001,0.000148,0.026528
1929,8,0.037327,0.0,0.063611,0.0,0.014078,0.039699,-0.002686,0.039418
1929,9,-0.067955,0.003439,0.011134,0.005355,-0.000753,0.035454,0.003192,0.028895
1929,10,-0.110291,0.0,-0.090516,0.0,0.002964,0.031933,-2.7e-05,0.028565
1929,11,-0.163774,0.0,-0.210771,0.0,0.002718,0.047369,0.003458,0.037996
1929,12,-0.070618,0.002856,-0.044251,0.004198,-0.008137,0.041004,0.000353,0.026975
1930,1,0.05044,0.0,0.054496,0.0,-0.000524,0.044273,-2.2e-05,0.021472
1930,2,-0.029608,0.0,-0.056099,0.0,-0.000573,0.040765,-0.003977,0.035303
1930,3,-0.057973,0.005717,-0.076793,0.006858,0.002397,0.042957,-0.010324,0.022777
1930,4,-0.052511,0.0,0.036363,0.0,0.006547,0.033777,-0.012106,0.024399
1930,5,-0.052627,0.0,-0.085699,0.0,0.0116,0.035302,-0.008004,0.031112
1930,6,-0.076597,0.003664,-0.018376,0.00696,0.020768,0.047436,-0.010455,0.030005
1930,7,0.043611,0.0,-0.019115,0.0,0.009697,0.041654,-0.006495,0.027134
1930,8,-0.042613,0.0,-0.021753,0.0,-0.006226,0.030095,-0.007934,0.023532
1930,9,0.013794,0.006171,0.009107,0.006097,0.003125,0.03899,-0.007312,0.024497
1930,10,0.042378,0.0,0.028009,0.0,0.005143,0.035207,-0.008152,0.022966
1930,11,0.054865,0.0,0.04472,0.0,0.001256,0.041117,-0.005324,0.017674
1930,12,0.023404,0.004598,0.008089,0.006274,0.003697,0.037803,-0.003321,0.034024
1931,1,0.046635,0.0,0.013967,0.0,-0.001127,0.042858,-0.00746,0.024754
1931,2,0.125422,0.0,0.102042,0.0,-0.000579,0.034423,-0.004177,0.023867
1931,3,-0.050045,0.00334,-0.043033,0.007023,0.000232,0.042066,-0.00024,0.023959
1931,4,-0.175247,0.0,-0.098781,0.0,0.003483,0.042443,-0.015124,0.025058
1931,5,0.027868,0.0,0.04133,0.0,0.005523,0.046,-0.009296,0.023148
1931,6,0.003212,0.004878,0.029193,0.006732,0.010012,0.033648,-0.005109,0.024314
1931,7,-0.169727,0.0,-0.133944,0.0,0.000801,0.046974,-0.011603,0.02847
1931,8,0.088575,0.0,0.061211,0.0,-0.000922,0.038974,-0.001036,0.024274
1931,9,0.07935,0.004713,0.064097,0.006054,0.010249,0.041948,-0.004294,0.041001
1931,10,0.039917,0.0,0.020851,0.0,0.00594,0.039452,-0.007926,0.017757
1931,11,-0.043992,0.0,-0.056324,0.0,0.010893,0.043034,-0.006427,0.027879
1931,12,-0.156078,0.003647,-0.11728,0.00574,-0.00054,0.030048,-0.003591,0.024527
1932,1,0.133533,0.0,0.064348,0.0,0.019119,0.046314,-0.007861,0.01735
1932,2,0.027786,0.0,0.017707,0.0,-0.001314,0.040702,-0.001506,0.017381
1932,3,-0.094063,0.004539,-0.075247,0.006777,0.015271,0.044362,-0.007241,0.021124
1932,4,-0.002747,0.0,-0.004444,0.0,-0.001091,0.041544,-0.011963,0.027573
1932,5,0.049187,0.0,0.03718,0.0,-0.00421,0.04476,-0.004569,0.011515
1932,6,0.007681,0.002656,0.073091,0.005993,0.004113,0.041883,-0.006892,0.025513
1932,7,-0.11961,0.0,-0.089909,0.0,0.00823,0.04119,-0.001124,0.029881
1932,8,0.087936,0.0,0.06222,0.0,0.019729,0.034478,-0.006334,0.022858
1932,9,0.002298,0.004008,0.016276,0.004721,0.007584,0.035532,-0.007265,0.021523
1932,10,0.015965,0.0,-0.022909,0.0,-0.003539,0.039212,-0.001857,0.029449
1932,11,-0.092605,0.0,-0.042411,0.0,-0.004614,0.040127,-0.004125,0.021547
1932,12,-0.082396,0.002585,-0.034112,0.007078,0.0028,0.044527,-0.007019,0.018654
1933,1,0.008379,0.0,0.050776,0.0,0.007016,0.041595,-0.002624,0.022908
1933,2,0.018294,0.0,0.011774,0.0,0.021696,0.045795,-0.015914,0.029033
1933,3,-0.033582,0.002347,-0.013344,0.006047,-0.009671,0.042777,-0.001965,0.023914
1933,4,0.02823,0.0,0.037652,0.0,0.010912,0.034825,-0.009172,0.023445
1933,5,-0.036077,0.0,0.001526,0.0,-0.003052,0.049739,-0.004636,0.03286
1933,6,-0.02896,0.004651,-0.024611,0.006601,0.004739,0.035658,-0.015517,0.032475
1933,7,-0.090609,0.0,-0.128696,0.0,-0.004259,0.043224,-0.007705,0.025509
1933,8,-0.038469,0.0,-0.030251,0.0,0.011579,0.037004,-0.008985,0.026783
1933,9,-0.043323,0.005835,-0.024887,0.005862,0.016822,0.033554,-0.008115,0.02432
1933,10,0.007918,0.0,-0.011216,0.0,0.01271,0.043565,-0.006854,0.022692
1933,11,0.025816,0.0,0.025572,0.0,0.007338,0.039229,-0.008788,0.024992
1933,12,0.032196,0.004644,0.049526,0.006125,-0.000126,0.036911,-0.009885,0.02796
1934,1,0.027387,0.0,0.040843,0.0,0.00792,0.038401,0.004571,0.026554
1934,2,0.04079,0.0,-0.001258,0.0,-0.000883,0.030152,0.006142,0.024271
1934,3,-0.012266,0.003676,0.014319,0.006033,-0.002405,0.027759,0.005997,0.028946
1934,4,-0.000906,0.0,0.044686,0.0,0.005826,0.042122,0.001418,0.029076
1934,5,0.051816,0.0,0.049331,0.0,0.002434,0.046748,0.001635,0.026904
1934,6,-0.007409,0.002943,0.037039,0.007033,-0.00655,0.039279,0.005761,0.030972
1934,7,-0.011901,0.0,-0.021435,0.0,0.015995,0.047397,-0.001226,0.025432
1934,8,0.06925,0.0,0.107903,0.0,0.000825,0.042552,0.005691,0.016247
1934,9,0.018672,0.005342,0.00984,0.005495,0.006712,0.033711,0.004769,0.023652
1934,10,0.051309,0.0,0.041319,0.0,0.007939,0.034668,0.005645,0.015452
1934,11,0.03099,0.0,-0.03214,0.0,0.013948,0.036778,0.000226,0.019762
1934,12,-0.074136,0.004804,-0.055972,0.007434,-0.004906,0.034462,0.003834,0.028424
1935,1,0.070178,0.0,0.076281,0.0,-0.00127,0.032966,0.001659,0.029962
1935,2,0.02034,0.0,0.007392,0.0,0.003028,0.037785,0.002955,0.014853
1935,3,0.059045,0.004428,0.012014,0.005305,0.016664,0.043341,0.000943,0.017376
1935,4,-0.017762,0.0,-0.022053,0.0,-0.006644,0.038109,0.006269,0.023329
1935,5,-0.038337,0.0,0.030379,0.0,-0.0209,0.043179,0.003363,0.024828
1935,6,0.101134,0.002296,0.050489,0.005839,0.002213,0.03591,0.003729,0.022014
1935,7,0.044098,0.0,0.021788,0.0,-0.008923,0.031235,0.000778,0.016362
1935,8,-0.009781,0.0,0.011795,0.0,0.002094,0.045074,-0.000262,0.031069
1935,9,0.052629,0.003443,0.079006,0.003714,-0.01403,0.047601,-5.6e-05,0.020496
1935,10,0.016093,0.0,-0.045169,0.0,0.014281,0.033464,0.003863,0.023673
1935,11,-0.019945,0.0,0.010896,0.0,0.011967,0.036413,0.004435,0.025495
1935,12,0.00613,0.005043,0.03407,0.007345,0.004668,0.045864,0.004195,0.021407
1936,1,-0.028953,0.0,-0.029776,0.0,0.011121,0.043727,0.000939,0.023374
1936,2,-0.100785,0.0,-0.020306,0.0,0.008951,0.029777,0.000494,0.028071
1936,3,0.031772,0.005962,0.019464,0.005844,0.01278,0.034642,0.002279,0.02008
1936,4,0.022704,0.0,-0.002144,0.0,0.003003,0.045136,0.002356,0.022225
1936,5,0.043414,0.0,0.062091,0.0,-0.005324,0.034487,-0.004127,0.03071
1936,6,0.007918,0.005685,0.013249,0.006554,0.012885,0.039993,0.002621,0.026422
1936,7,-0.045851,0.0,-0.035862,0.0,-0.000201,0.042485,0.002542,0.025906
1936,8,0.069943,0.0,0.075023,0.0,0.0052,0.042081,0.002565,0.034721
1936,9,0.02612,0.003059,0.01876,0.006759,0.010955,0.051762,-0.000984,0.024179
1936,10,-0.02707,0.0,0.033263,0.0,-0.009637,0.033859,0.003715,0.021534
1936,11,-0.012561,0.0,0.058085,0.0,-0.000592,0.028994,-0.004093,0.020417
1936,12,0.009556,0.002711,0.004921,0.006668,0.002803,0.042209,-0.001622,0.025963
1937,1,-0.055732,0.0,-0.036799,0.0,-0.000262,0.033264,-0.000463,0.024353
1937,2,0.045807,0.0,0.027109,0.0,-0.004562,0.053319,0.00953,0.02046
1937,3,0.034718,0.003607,-0.02032,0.006614,0.008103,0.04294,0.003735,0.024137
1937,4,-0.033432,0.0,-0.033451,0.0,-0.007788,0.044178,9.2e-05,0.019081
1937,5,-0.015847,0.0,0.040893,0.0,0.010186,0.038377,0.00055,0.020205
1937,6,-0.015004,0.003056,-0.02146,0.006443,0.009911,0.041156,-0.000224,0.027757
1937,7,0.011902,0.0,0.035002,0.0,-0.009836,0.041994,0.000382,0.018758
1937,8,-0.010156,0.0,0.007118,0.0,-0.002377,0.036962,0.002174,0.015626
1937,9,0.055812,0.004834,0.044846,0.005974,-0.008443,0.042669,0.000388,0.026858
1937,10,-0.02383,0.0,0.037052,0.0,-0.004117,0.045346,0.002672,0.026605
1937,11,0.033564,0.0,0.04176,0.0,0.008362,0.044307,0.004597,0.019958
1937,12,0.068939,0.002486,0.049461,0.006114,0.018449,0.03762,-0.000603,0.027292
1938,1,0.003375,0.0,0.005014,0.0,-0.004479,0.029533,0.000742,0.024102
1938,2,0.048241,0.0,-0.016011,0.0,0.005658,0.042828,-0.000721,0.023974
1938,3,0.033028,0.003292,0.016764,0.006365,-0.007613,0.038988,0.000402,0.031152
1938,4,0.14229,0.0,0.142821,0.0,0.00489,0.039205,0.000528,0.02327
1938,5,0.013366,0.0,0.04922,0.0,0.005151,0.045528,0.005824,0.024133
1938,6,-0.019359,0.003385,0.004247,0.007482,0.014769,0.045481,-0.000324,0.025894
1938,7,-0.013498,0.0,-0.024183,0.0,-0.010566,0.042217,0.003007,0.023802
1938,8,0.042981,0.0,0.01579,0.0,0.001588,0.033992,0.008678,0.027467
1938,9,0.034823,0.003524,0.033029,0.007002,0.006579,0.03577,-0.001185,0.021272
1938,10,0.02486,0.0,0.036549,0.0,0.000769,0.038151,5.6e-05,0.0238
1938,11,0.017509,0.0,0.050337,0.0,-0.006881,0.047764,0.002914,0.026311
1938,12,0.036793,0.003514,0.055461,0.0044,0.005969,0.030936,0.001932,0.01875
1939,1,-0.030106,0.0,0.000155,0.0,0.003623,0.039122,0.003956,0.027395
1939,2,0.016936,0.0,0.087102,0.0,0.015741,0.042747,0.000772,0.029952
1939,3,0.018927,0.00489,0.007986,0.006706,0.004123,0.040704,0.002733,0.024194
1939,4,-0.08372,0.0,-0.011623,0.0,-0.001243,0.038358,0.001782,0.027692
1939,5,0.038087,0.0,0.008175,0.0,0.002561,0.045935,0.005005,0.02513
1939,6,-0.021742,0.003273,-0.075324,0.006177,0.006079,0.045534,0.003637,0.025835
1939,7,-0.001642,0.0,-0.055145,0.0,0.009148,0.035835,0.004818,0.018783
1939,8,-0.018415,0.0,-0.027306,0.0,0.009379,0.039715,0.002014,0.025724
1939,9,0.033165,0.003199,-0.004243,0.005133,0.004146,0.037469,-0.002766,0.018586
1939,10,-0.007051,0.0,0.028066,0.0,-0.009184,0.04036,0.001408,0.023317
1939,11,-0.027056,0.0,-0.048695,0.0,-0.002278,0.038716,0.001464,0.029437
1939,12,-0.025123,0.004278,0.040901,0.00447,0.007451,0.044894,0.005905,0.019256
1940,1,0.010369,0.0,-0.038808,0.0,0.001404,0.036665,0.003681,0.021042
1940,2,0.042361,0.0,0.03955,0.0,0.001296,0.02943,0.004643,0.022546
1940,3,-0.02139,0.003559,0.023469,0.004814,0.003128,0.043323,0.00377,0.020007
1940,4,0.004369,0.0,-0.036436,0.0,-0.003958,0.035995,0.001427,0.020025
1940,5,-0.014701,0.0,0.006093,0.0,-0.0069,0.041696,0.00532,0.040272
1940,6,-0.02861,0.004419,-0.071182,0.0074,-0.001653,0.035565,0.003549,0.023728
1940,7,-0.011922,0.0,-0.039547,0.0,-0.021353,0.040454,0.007884,0.022348
1940,8,0.041767,0.0,0.038557,0.0,0.008088,0.037403,-0.002523,0.024133
1940,9,-0.082149,0.003758,-0.112321,0.006089,0.00048,0.039658,0.002924,0.017325
1940,10,-0.008453,0.0,-0.012432,0.0,-0.000172,0.043044,0.00046,0.013982
1940,11,0.034394,0.0,0.038418,0.0,-0.007273,0.037118,0.001754,0.023679
1940,12,0.042834,0.004338,0.039892,0.005239,0.013708,0.034284,-0.002755,0.030644
1941,1,-0.022687,0.0,-0.034317,0.0,0.004959,0.037953,5.6e-05,0.023852
1941,2,0.049204,0.0,0.026168,0.0,0.015719,0.033801,0.002283,0.015621
1941,3,0.03781,0.003346,0.019279,0.005803,-0.000392,0.036298,0.007056,0.027982
1941,4,0.04424,0.0,0.093027,0.0,0.006178,0.031122,0.003476,0.021431
1941,5,0.044801,0.0,0.021828,0.0,0.018387,0.031659,-5.4e-05,0.01708
1941,6,-0.011608,0.003364,0.018648,0.005406,0.008324,0.046377,-0.000501,0.037595
1941,7,-0.081402,0.0,-0.088905,0.0,0.00664,0.046226,0.002364,0.022355
1941,8,0.048084,0.0,-0.000481,0.0,-0.010907,0.03982,0.001285,0.015125
1941,9,0.02575,0.005734,0.003087,0.00693,0.007083,0.04017,0.003033,0.028007
1941,10,-0.045191,0.0,-0.086072,0.0,0.001906,0.044786,0.003675,0.022424
1941,11,0.028714,0.0,0.031353,0.0,-0.004252,0.041985,-9.1e-05,0.024052
1941,12,-0.004004,0.004223,0.023112,0.006709,0.010697,0.039625,-0.000145,0.02121
1942,1,0.026909,0.0,0.021101,0.0,-0.002453,0.046966,-0.000879,0.021302
1942,2,0.011043,0.0,0.028538,0.0,0.00498,0.036474,0.002749,0.021806
1942,3,0.019951,0.003941,-0.007834,0.005257,0.008458,0.045968,-0.000518,0.019266
1942,4,-0.006962,0.0,-0.054395,0.0,0.001404,0.035543,0.004768,0.027278
1942,5,0.033833,0.0,-0.00484,0.0,0.020193,0.047246,0.002714,0.022085
1942,6,0.030985,0.00151,0.006847,0.00656,-0.005437,0.046327,0.004103,0.027228
1942,7,-0.014752,0.0,0.030727,0.0,-0.01517,0.041279,0.000551,0.023823
1942,8,-0.039253,0.0,-0.001617,0.0,0.00221,0.045577,0.001644,0.015442
1942,9,0.071656,0.005272,0.077146,0.006376,-0.004719,0.039184,0.007369,0.028164
1942,10,0.014737,0.0,-0.016197,0.0,-0.004239,0.038754,0.003039,0.034905
1942,11,0.075947,0.0,0.036147,0.0,0.017526,0.044086,0.001693,0.014772
1942,12,-0.077271,0.00482,-0.043497,0.006117,0.009574,0.040723,0.004008,0.02881
1943,1,0.056919,0.0,0.060366,0.0,-0.00455,0.037027,0.005145,0.021372
1943,2,-0.028655,0.0,-0.045432,0.0,0.002687,0.027728,0.001292,0.018535
1943,3,0.035785,0.003122,0.018259,0.005277,0.011359,0.040828,0.002251,0.024683
1943,4,-0.020846,0.0,-0.009047,0.0,0.006256,0.048229,0.004338,0.035432
1943,5,-0.03715,0.0,0.063602,0.0,0.012265,0.043954,-0.005487,0.02736
1943,6,0.011937,0.004528,0.016024,0.006779,0.0105,0.039294,0.002921,0.028401
1943,7,0.020658,0.0,-0.034546,0.0,0.023195,0.041493,-9e-05,0.020906
1943,8,0.015142,0.0,0.045841,0.0,0.003581,0.041294,0.003695,0.023123
1943,9,0.006533,0.003836,-0.048119,0.007837,0.00885,0.033856,-0.004177,0.017125
1943,10,-0.043632,0.0,-0.026824,0.0,0.003668,0.043186,0.00387,0.030956
1943,11,0.020057,0.0,0.034313,0.0,-0.004895,0.037897,-0.000456,0.019564
1943,12,0.010671,0.005488,-0.017661,0.007468,0.01082,0.029742,0.00537,0.025231
1944,1,-0.039608,0.0,0.006437,0.0,0.01364,0.036096,0.003485,0.02032
1944,2,0.022953,0.0,0.05996,0.0,0.004388,0.048761,0.003697,0.020718
1944,3,-0.024811,0.004815,-0.037939,0.007705,0.006247,0.041664,0.001358,0.016703
1944,4,0.004015,0.0,0.032866,0.0,0.009804,0.034279,0.003932,0.03292
1944,5,0.050531,0.0,0.116337,0.0,0.003929,0.043481,0.003035,0.02987
1944,6,-0.021879,0.004219,-0.018835,0.005631,0.001275,0.041293,0.004048,0.023611
1944,7,0.053687,0.0,0.033015,0.0,0.00417,0.033736,9.8e-05,0.023761
1944,8,0.043783,0.0,0.075076,0.0,0.007177,0.045148,0.000394,0.034899
1944,9,-0.023897,0.003751,-0.065876,0.006813,0.014881,0.040325,0.003603,0.020805
1944,10,-0.021079,0.0,0.046331,0.0,-0.006475,0.041467,0.002279,0.017516
1944,11,-0.071944,0.0,-0.062655,0.0,0.009305,0.03683,0.005344,0.026405
1944,12,-0.029708,0.004643,0.003302,0.006286,0.000949,0.042262,0.000868,0.028892
1945,1,0.007445,0.0,0.030555,0.0,0.002802,0.035301,0.003174,0.023555
1945,2,-0.032279,0.0,-0.050486,0.0,0.005333,0.033656,0.001011,0.028023
1945,3,0.059882,0.004843,0.021886,0.005863,-0.000362,0.033861,-0.00034,0.025637
1945,4,0.113653,0.0,0.10746,0.0,0.009102,0.04296,0.002039,0.014301
1945,5,0.063344,0.0,0.066569,0.0,0.004037,0.039037,0.001659,0.029237
1945,6,-0.064625,0.005647,-0.052264,0.006566,0.008743,0.041762,0.004514,0.036783
1945,7,-0.074272,0.0,-0.091861,0.0,0.010327,0.037634,0.003291,0.019185
1945,8,0.02488,0.0,-0.030411,0.0,0.001485,0.042685,0.001306,0.023348
1945,9,0.079671,0.003532,0.025435,0.006239,0.019602,0.039224,0.004493,0.018981
1945,10,0.051109,0.0,0.027399,0.0,-0.000935,0.02832,-0.0001,0.027525
1945,11,-0.033362,0.0,-0.043866,0.0,-0.007063,0.042096,-0.000494,0.023116
1945,12,0.066525,0.003842,0.033414,0.006603,0.021929,0.040215,-0.001378,0.02258
1946,1,0.076168,0.0,0.136228,0.0,-0.006293,0.034922,0.002112,0.020429
1946,2,-0.027161,0.0,-0.044116,0.0,0.005942,0.048408,0.003791,0.021277
1946,3,-0.04985,0.002884,-0.032382,0.00749,-0.004429,0.031678,0.005052,0.02463
1946,4,-0.056031,0.0,-0.059348,0.0,0.024193,0.041164,0.000484,0.037184
1946,5,0.009711,0.0,-0.000618,0.0,0.00209,0.0415,-0.001458,0.025939
1946,6,0.028212,0.003811,-0.043153,0.006089,0.007231,0.036643,0.001228,0.03385
1946,7,0.006242,0.0,0.012215,0.0,0.002129,0.043747,0.006216,0.028767
1946,8,-0.034296,0.0,0.047682,0.0,0.000417,0.041442,0.004118,0.029385
1946,9,-0.073261,0.004318,-0.044854,0.006289,0.010332,0.036998,0.004722,0.034187
1946,10,0.051455,0.0,0.088836,0.0,-0.002362,0.033076,0.003508,0.031564
1946,11,-0.002962,0.0,0.022543,0.0,-0.006304,0.041608,0.002077,0.027812
1946,12,-0.001854,0.003917,-0.019406,0.007617,-0.000267,0.04431,0.005356,0.024093
1947,1,-0.00829,0.0,-0.028957,0.0,0.002469,0.044245,0.001881,0.028361
1947,2,0.012806,0.0,0.027211,0.0,0.001477,0.041252,-0.000843,0.017732
1947,3,-0.051993,0.003408,-0.045409,0.005481,0.00939,0.03796,0.004623,0.029967
1947,4,-0.018549,0.0,-0.010266,0.0,-0.013637,0.036764,0.0019,0.024959
1947,5,0.021275,0.0,0.051033,0.0,0.010086,0.04074,0.002778,0.017718
1947,6,0.032434,0.005221,0.006489,0.007314,0.006498,0.047062,0.00157,0.016963
1947,7,-0.027851,0.0,-0.043688,0.0,0.012826,0.039534,0.003999,0.025891
1947,8,0.052045,0.0,0.050934,0.0,-0.007794,0.044552,0.003287,0.020254
1947,9,0.006912,0.00469,0.007361,0.007248,0.006213,0.041973,0.004776,0.018319
1947,10,0.055065,0.0,0.020544,0.0,0.000991,0.037997,0.003083,0.024063
1947,11,0.012002,0.0,-0.028371,0.0,-0.003572,0.045323,0.004366,0.030151
1947,12,0.034216,0.004986,0.000376,0.006434,-0.001749,0.047069,0.000744,0.024413
1948,1,-0.023041,0.0,-0.034737,0.0,-0.009859,0.029972,0.003445,0.018112
1948,2,0.035074,0.0,-0.00672,0.0,-0.001895,0.038842,-0.002674,0.026683
1948,3,-0.015291,0.005221,-0.001125,0.007458,0.003229,0.043162,0.000834,0.025596
1948,4,0.052037,0.0,-0.005081,0.0,-0.000749,0.040542,0.002304,0.037623
1948,5,0.039299,0.0,0.033292,0.0,0.005385,0.040919,0.001752,0.033886
1948,6,-0.03372,0.003136,-0.024339,0.007341,-0.009801,0.035384,0.004094,0.023072
1948,7,0.064305,0.0,0.004649,0.0,0.004694,0.036042,0.003587,0.025725
1948,8,-0.009655,0.0,-0.019531,0.0,-0.013212,0.044538,0.000841,0.032408
1948,9,0.00304,0.003373,0.017353,0.006486,0.002167,0.046436,0.002706,0.021594
1948,10,0.091599,0.0,0.034971,0.0,0.001925,0.045246,0.006495,0.020396
1948,11,0.019845,0.0,0.015559,0.0,0.008176,0.039746,0.004996,0.020311
1948,12,-0.053484,0.00135,-0.060228,0.006057,-0.006747,0.037316,0.003537,0.020816
1949,1,0.017342,0.0,0.027608,0.0,0.007798,0.035186,-0.000234,0.027443
1949,2,-0.037248,0.0,0.0111,0.0,-0.004576,0.039101,0.002632,0.027327
1949,3,0.043636,0.005684,-0.000869,0.004664,-0.002532,0.03072,0.0022,0.023529
1949,4,0.038465,0.0,0.09146,0.0,0.014693,0.036943,0.006272,0.017893
1949,5,0.000942,0.0,-0.019677,0.0,0.005523,0.035514,-0.001105,0.025626
1949,6,0.03329,0.004527,0.041152,0.00721,-0.008936,0.042898,0.000647,0.029553
1949,7,0.039924,0.0,0.036813,0.0,0.006268,0.038445,0.000778,0.025072
1949,8,0.036324,0.0,0.006702,0.0,0.005682,0.043217,0.004986,0.02517
1949,9,-0.034184,0.005029,-0.054661,0.007249,9.2e-05,0.04664,0.003711,0.019714
1949,10,0.028034,0.0,0.050672,0.0,-0.00611,0.039145,-0.003561,0.022927
1949,11,0.034457,0.0,0.015664,0.0,0.000291,0.041272,-0.005018,0.029175
1949,12,-0.015911,0.00324,-0.042211,0.006095,-0.005337,0.039832,0.003956,0.023434
1950,1,-0.014465,0.0,-0.094169,0.0,0.018586,0.043411,0.002921,0.02198
1950,2,0.011746,0.0,0.020047,0.0,0.016626,0.036227,-0.000548,0.02395
1950,3,-0.005063,0.003562,0.025027,0.006219,-0.000948,0.03612,0.00196,0.025132
1950,4,0.00613,0.0,0.021672,0.0,0.001653,0.043898,0.002148,0.027478
1950,5,-0.010485,0.0,0.025842,0.0,0.003604,0.035506,0.00597,0.024667
1950,6,-0.065424,0.003989,-0.013124,0.005988,0.013995,0.046454,0.003918,0.026333
1950,7,-0.04714,0.0,-0.023833,0.0,-0.000419,0.032746,0.000958,0.027543
1950,8,0.004186,0.0,-0.02995,0.0,-0.001929,0.051027,-0.001271,0.0259
1950,9,-0.058719,0.003501,-0.081523,0.00565,0.001477,0.037377,0.002072,0.028138
1950,10,0.020218,0.0,0.027487,0.0,0.009306,0.040031,0.002011,0.033798
1950,11,0.077001,0.0,0.025772,0.0,-0.003727,0.041836,-0.001022,0.025035
1950,12,-0.035367,0.004691,-0.069216,0.006447,-0.002105,0.045908,0.005826,0.0275
1951,1,-0.074132,0.0,-0.008376,0.0,0.007381,0.037087,0.006254,0.029719
1951,2,0.046863,0.0,0.044028,0.0,-0.008181,0.039169,0.002689,0.022857
1951,3,-0.079935,0.005374,-0.018232,0.007054,0.00743,0.034047,-4.3e-05,0.025137
1951,4,-0.060788,0.0,-0.103572,0.0,-0.006254,0.037177,0.001803,0.030054
1951,5,0.086011,0.0,0.099317,0.0,0.001937,0.040157,0.003338,0.025697
1951,6,0.013997,0.003851,-0.000192,0.005871,0.002159,0.043344,8.3e-05,0.024353
1951,7,-0.06498,0.0,-0.07294,0.0,0.008721,0.039599,0.006947,0.020253
1951,8,-0.089977,0.0,-0.096405,0.0,0.008453,0.0453,0.003319,0.022988
1951,9,-0.061853,0.002559,-0.096707,0.007989,-0.006455,0.040014,0.006338,0.026832
1951,10,-0.039939,0.0,-0.066166,0.0,0.000672,0.037425,0.002797,0.017525
1951,11,0.022234,0.0,-0.018599,0.0,0.003595,0.043128,0.001883,0.013805
1951,12,0.068101,0.003981,0.040237,0.005801,0.004,0.03933,-0.000876,0.032739
1952,1,0.031308,0.0,0.008493,0.0,-0.006379,0.04229,3.1e-05,0.020161
1952,2,-0.013802,0.0,-0.074579,0.0,0.01888,0.03793,0.000364,0.029005
1952,3,0.002489,0.002932,0.007324,0.005902,0.010301,0.048158,0.002361,0.029396
1952,4,0.010473,0.0,0.030241,0.0,0.018258,0.040408,-0.000118,0.031385
1952,5,0.004127,0.0,0.027118,0.0,0.027181,0.038008,-0.001973,0.030201
1952,6,0.000265,0.005409,-0.00732,0.00566,0.007219,0.043553,0.003143,0.021769
1952,7,0.037058,0.0,0.02574,0.0,-0.002033,0.038158,-0.003672,0.026977
1952,8,0.101511,0.0,0.07222,0.0,0.01069,0.047467,0.003457,0.015364
1952,9,-0.098073,0.004971,-0.090724,0.006175,0.022947,0.050106,0.003148,0.028708
1952,10,0.04759,0.0,0.012205,0.0,0.019693,0.0488,0.003783,0.020813
1952,11,-0.005505,0.0,0.02278,0.0,0.004252,0.036635,0.003096,0.018169
1952,12,-0.014767,0.003288,0.015104,0.006414,0.014962,0.03769,-0.000632,0.026401
1953,1,-0.023694,0.0,-0.045285,0.0,-0.00261,0.041467,0.003847,0.02327
1953,2,0.084848,0.0,0.061667,0.0,0.023459,0.040421,0.006416,0.02596
1953,3,0.063616,0.003729,0.051252,0.004553,0.009719,0.039381,-2.6e-05,0.020955
1953,4,0.052337,0.0,0.053954,0.0,-0.000118,0.043547,0.008496,0.024096
1953,5,0.043119,0.0,0.027138,0.0,0.001607,0.03656,-0.000393,0.025319
1953,6,0.009424,0.004732,0.020806,0.005302,-0.004869,0.045884,0.004219,0.015553
1953,7,0.023325,0.0,0.071972,0.0,-0.014157,0.045989,-4.3e-05,0.022525
1953,8,0.006356,0.0,0.014044,0.0,0.001055,0.040613,0.00307,0.023506
1953,9,0.052607,0.002722,0.025012,0.00364,0.009722,0.041795,0.00143,0.022256
1953,10,-0.050107,0.0,-0.015994,0.0,-0.003457,0.044773,0.000821,0.02185
1953,11,0.012553,0.0,-0.014541,0.0,0.017748,0.045273,0.003747,0.022571
1953,12,-0.059351,0.003125,-0.118556,0.006342,0.011034,0.037725,-0.001275,0.026639
1954,1,-0.005279,0.0,-0.01268,0.0,0.007629,0.033222,0.003462,0.022612
1954,2,0.005066,0.0,0.072922,0.0,-0.007926,0.032993,-0.000487,0.026985
1954,3,0.020392,0.002892,0.034482,0.006113,0.012109,0.041615,0.001639,0.017895
1954,4,0.096777,0.0,0.095387,0.0,0.013812,0.039636,0.006631,0.027389
1954,5,-0.034601,0.0,-0.035041,0.0,-0.004022,0.042674,0.000594,0.026123
1954,6,-0.003981,0.003684,0.021103,0.006742,0.010119,0.037444,-0.001097,0.019399
1954,7,0.089353,0.0,0.033614,0.0,0.01475,0.040341,0.001259,0.018399
1954,8,-0.014185,0.0,0.013942,0.0,0.007627,0.036171,0.003849,0.033309
1954,9,0.04842,0.002622,-0.004025,0.006089,-0.010684,0.040714,0.008396,0.02149
1954,10,0.0916,0.0,0.10159,0.0,0.013727,0.040961,-0.001222,0.021977
1954,11,0.017035,0.0,-0.04336,0.0,0.014486,0.046394,0.003477,0.026659
1954,12,-0.059746,0.004967,-0.019115,0.004197,0.019712,0.036804,-0.000657,0.024125
1955,1,0.038074,0.0,0.065303,0.0,-0.011426,0.033474,0.001602,0.01959
1955,2,0.065462,0.0,0.034972,0.0,-0.008087,0.034045,0.004937,0.02621
1955,3,0.021463,0.004247,0.076587,0.005148,0.004737,0.043422,0.003418,0.024622
1955,4,0.05799,0.0,0.072471,0.0,-0.000769,0.042582,0.001667,0.028122
1955,5,0.00966,0.0,0.030563,0.0,0.009147,0.032008,0.001722,0.02328
1955,6,0.013552,0.002932,-0.061578,0.006463,0.004144,0.034445,0.004137,0.027797
1955,7,0.064132,0.0,0.04062,0.0,-0.004353,0.043641,0.001837,0.026982
1955,8,-0.028495,0.0,-0.019089,0.0,0.005921,0.048839,0.001731,0.029158
1955,9,-0.014032,0.003033,-0.029241,0.006101,0.002752,0.039167,0.001847,0.025555
1955,10,0.020247,0.0,0.01705,0.0,0.006462,0.031799,0.002189,0.023954
1955,11,-0.028072,0.0,-0.042635,0.0,-0.000133,0.024566,0.00257,0.03034
1955,12,-0.06127,0.004341,-0.072818,0.005895,0.008401,0.04029,0.001999,0.028057
1956,1,-0.004595,0.0,-0.040033,0.0,0.010797,0.043376,0.00226,0.027549
1956,2,0.044185,0.0,0.054168,0.0,-0.008038,0.035547,-0.001383,0.025462
1956,3,0.078354,0.003601,0.038121,0.005275,-0.01235,0.037479,7.4e-05,0.021362
1956,4,-0.029218,0.0,0.054494,0.0,-0.008052,0.051953,0.002118,0.021505
1956,5,-0.018342,0.0,0.042945,0.0,0.006963,0.032617,0.004529,0.028464
1956,6,0.046087,0.004592,0.016796,0.006554,0.001133,0.031878,0.001453,0.022144
1956,7,0.053299,0.0,0.043688,0.0,-0.002598,0.043623,0.0036,0.020711
1956,8,-0.069972,0.0,-0.036823,0.0,-0.002511,0.038452,0.00227,0.023519
1956,9,0.011769,0.00412,0.002212,0.005656,0.008672,0.031927,0.001459,0.032516
1956,10,0.068828,0.0,0.005837,0.0,0.009686,0.04106,0.002652,0.020595
1956,11,-0.007035,0.0,-0.034833,0.0,-0.00251,0.033895,0.000928,0.023598
1956,12,-0.02506,0.004041,0.017519,0.00722,0.003044,0.047094,0.002908,0.018791
1957,1,0.021186,0.0,0.018289,0.0,0.017741,0.028876,0.006967,0.020539
1957,2,0.008724,0.0,-0.004601,0.0,0.008755,0.045273,0.000911,0.031517
1957,3,-0.00478,0.003859,-0.024958,0.005431,0.011158,0.043021,0.002295,0.030721
1957,4,0.019709,0.0,-0.016189,0.0,-0.008978,0.035568,0.001318,0.026143
1957,5,0.029147,0.0,0.001469,0.0,0.00519,0.047887,-0.001773,0.02951
1957,6,0.027731,0.004508,0.04557,0.005121,0.015261,0.033496,-0.002023,0.03026
1957,7,-0.030068,0.0,-0.043196,0.0,0.019896,0.041196,0.003884,0.018814
1957,8,0.006483,0.0,0.075672,0.0,-0.000479,0.049041,0.002823,0.022148
1957,9,-0.044807,0.005037,-0.033134,0.005618,0.011132,0.037314,0.00193,0.021324
1957,10,-0.05555,0.0,-0.042948,0.0,0.000288,0.034452,0.005961,0.018028
1957,11,-0.094562,0.0,-0.10281,0.0,0.004325,0.029692,0.000722,0.027782
1957,12,0.0101,0.003464,-0.012316,0.006764,-0.01278,0.039066,-0.003579,0.026012
1958,1,0.000143,0.0,-0.002308,0.0,0.017082,0.039711,0.002234,0.024946
1958,2,-0.016051,0.0,-0.023237,0.0,0.013673,0.044775,0.00365,0.025225
1958,3,0.027379,0.003289,0.038518,0.006904,-0.004438,0.035275,0.005599,0.029466
1958,4,-0.018818,0.0,0.00568,0.0,0.006565,0.045223,0.003397,0.025206
1958,5,-0.048685,0.0,-0.068503,0.0,0.002459,0.043538,0.002557,0.023458
1958,6,-0.021467,0.003136,-0.006876,0.006535,-0.002452,0.03603,0.003013,0.031543
1958,7,-0.000809,0.0,-0.061276,0.0,0.014288,0.040179,0.001075,0.023492
1958,8,0.002034,0.0,-0.086711,0.0,0.011477,0.044726,1e-05,0.025764
1958,9,0.033543,0.003879,0.036156,0.006615,0.007624,0.035279,0.001226,0.024154
1958,10,0.029131,0.0,0.072133,0.0,0.011357,0.047747,0.00213,0.034839
1958,11,0.000352,0.0,-0.011043,0.0,0.015422,0.04477,0.001658,0.026259
1958,12,0.010942,0.0043,0.02369,0.005993,-0.004194,0.03012,0.004794,0.025833
1959,1,-0.024649,0.0,0.043159,0.0,0.006619,0.032773,0.002986,0.020625
1959,2,0.006664,0.0,0.01753,0.0,-0.002881,0.039947,0.00191,0.022876
1959,3,0.01073,0.005007,-0.010767,0.006214,0.008653,0.030947,0.005496,0.020892
1959,4,0.074324,0.0,0.059928,0.0,0.005813,0.039394,-0.001061,0.015784
1959,5,-0.003272,0.0,-0.030562,0.0,-0.011286,0.039922,0.003886,0.028869
1959,6,0.033826,0.004846,0.035553,0.004654,0.007816,0.039867,0.002089,0.030147
1959,7,-0.009662,0.0,0.017709,0.0,0.008727,0.036147,-0.003536,0.024253
1959,8,-0.023208,0.0,-0.005323,0.0,0.001625,0.032241,0.00477,0.020424
1959,9,0.041935,0.005594,0.036183,0.005255,-0.006692,0.048012,0.00015,0.024574
1959,10,-0.004891,0.0,0.024048,0.0,0.000635,0.037528,0.003482,0.017955
1959,11,-0.043983,0.0,0.005068,0.0,-0.00337,0.042448,0.005681,0.023074
1959,12,0.038137,0.004301,-0.037853,0.006938,-0.00076,0.048152,0.00304,0.027535
1960,1,0.048018,0.0,0.019912,0.0,0.000482,0.049928,0.001468,0.0248
1960,2,-0.04122,0.0,-0.047979,0.0,0.006885,0.045388,0.002044,0.019797
1960,3,0.014398,0.003604,0.036586,0.00561,0.015821,0.035835,0.001201,0.025802
1960,4,-0.043822,0.0,-0.081865,0.0,0.001249,0.037529,0.003971,0.023217
1960,5,0.003168,0.0,0.019942,0.0,0.013973,0.046213,0.002379,0.022714
1960,6,-0.032236,0.002339,-0.048351,0.005148,0.012201,0.040104,-0.001701,0.024657
1960,7,-0.011687,0.0,-0.018757,0.0,-0.000801,0.031471,0.005726,0.031083
1960,8,-0.035155,0.0,0.005326,0.0,0.014716,0.03896,0.001066,0.032121
1960,9,0.033207,0.004441,0.054718,0.006499,0.015288,0.031455,0.002389,0.027868
1960,10,-0.007582,0.0,0.034601,0.0,0.001427,0.038648,0.004487,0.021343
1960,11,-0.041709,0.0,-0.018982,0.0,0.009926,0.032709,0.001993,0.026284
1960,12,0.002671,0.002694,0.013256,0.007099,0.008652,0.045486,0.001906,0.028917
1961,1,0.079138,0.0,0.062161,0.0,0.005458,0.042796,-0.003508,0.02478
1961,2,0.059072,0.0,0.063022,0.0,0.011565,0.040495,0.001974,0.025783
1961,3,0.063325,0.002521,0.038266,0.004983,0.01356,0.048713,-0.001174,0.030381
1961,4,0.014695,0.0,0.035454,0.0,0.00787,0.048687,-0.002961,0.012262
1961,5,0.003698,0.0,0.0013,0.0,-0.001162,0.04023,0.003833,0.031125
1961,6,-0.024069,0.003352,-0.028503,0.005274,0.005985,0.046542,-0.000949,0.027865
1961,7,-0.013189,0.0,0.036537,0.0,0.010339,0.033839,0.001815,0.018993
1961,8,0.06686,0.0,0.022122,0.0,0.013237,0.04783,0.003733,0.027536
1961,9,-0.037142,0.004565,-0.023726,0.006626,-0.002838,0.045392,-0.001781,0.02725
1961,10,0.040022,0.0,0.031962,0.0,0.016921,0.031402,-0.001253,0.030538
1961,11,-0.029742,0.0,-0.042245,0.0,0.02543,0.043221,0.001405,0.028862
1961,12,0.028327,0.004867,-0.057809,0.004438,0.01396,0.027783,-9.4e-05,0.028772
1962,1,0.018318,0.0,-0.016872,0.0,0.013056,0.04516,-0.000258,0.031568
1962,2,-0.050277,0.0,-0.052673,0.0,-0.006836,0.047202,0.000256,0.02867
1962,3,0.073152,0.00331,0.056579,0.005409,0.008413,0.033635,0.000637,0.032641
1962,4,-0.01567,0.0,0.04215,0.0,-0.002154,0.036039,0.002659,0.017726
1962,5,-0.022569,0.0,0.001078,0.0,-0.005548,0.034251,1e-06,0.028218
1962,6,-0.028433,0.004789,-0.028634,0.004996,0.009504,0.048904,0.004504,0.021597
1962,7,-0.007854,0.0,-0.012315,0.0,-0.004368,0.046049,-0.002177,0.025457
1962,8,-0.004921,0.0,0.073549,0.0,-0.003388,0.03706,0.003827,0.030239
1962,9,0.041288,0.004916,0.020838,0.006132,-0.010477,0.033001,0.007052,0.032852
1962,10,0.009461,0.0,0.001325,0.0,-0.011099,0.033403,0.005147,0.023454
1962,11,-0.016282,0.0,-0.011969,0.0,0.002557,0.047519,0.002475,0.018763
1962,12,0.076238,0.002518,0.031735,0.004783,0.005371,0.03821,0.003372,0.030422
1963,1,-0.042491,0.0,-0.029874,0.0,0.009251,0.034425,-0.000437,0.029598
1963,2,0.016012,0.0,0.015912,0.0,-0.002634,0.042066,0.00446,0.03418
1963,3,0.024431,0.00433,0.03224,0.00507,0.002039,0.039763,0.001244,0.026785
1963,4,0.009132,0.0,-0.040333,0.0,-0.00496,0.034981,0.003333,0.024459
1963,5,-0.055626,0.0,-0.009549,0.0,0.006689,0.039239,0.010371,0.03048
1963,6,0.006113,0.00557,0.034917,0.00601,-0.007153,0.036274,0.006888,0.032515
1963,7,-0.04424,0.0,-0.035684,0.0,0.008919,0.041248,0.00342,0.020954
1963,8,-0.017872,0.0,-0.035363,0.0,0.011168,0.044729,0.002147,0.026612
1963,9,0.027053,0.001992,-0.010171,0.005669,0.008462,0.042516,0.000443,0.022957
1963,10,-0.043965,0.0,-0.053783,0.0,0.014329,0.038127,0.002092,0.026125
1963,11,-0.014181,0.0,-0.062821,0.0,0.000307,0.044737,0.000521,0.035899
1963,12,0.048793,0.00425,0.026526,0.006448,0.003406,0.045552,0.00096,0.023959
1964,1,-0.001291,0.0,0.040361,0.0,0.003179,0.042735,0.00051,0.025423
1964,2,0.068397,0.0,0.079019,0.0,0.009498,0.041862,-0.000526,0.017216
1964,3,-0.020951,0.003137,-0.038088,0.005957,0.00051,0.040578,-0.001076,0.016182
1964,4,-0.012643,0.0,-0.017985,0.0,0.004911,0.034229,0.004923,0.030024
1964,5,-0.007746,0.0,-0.00587,0.0,0.016992,0.043131,0.006297,0.018204
1964,6,-0.056552,0.005467,-0.011382,0.006161,0.001036,0.032425,0.002524,0.028753
1964,7,0.004102,0.0,0.03399,0.0,0.003911,0.037881,0.00628,0.017847
1964,8,-0.074643,0.0,-0.069954,0.0,0.01366,0.042424,0.004875,0.028813
1964,9,0.061771,0.004221,0.044311,0.006865,5e-05,0.042457,0.001523,0.022382
1964,10,0.041015,0.0,0.074691,0.0,0.012313,0.045937,0.001149,0.031554
1964,11,0.022538,0.0,-0.012079,0.0,-0.010515,0.037905,0.00665,0.027134
1964,12,-0.008348,0.002987,0.017221,0.005073,-0.010331,0.044274,0.002488,0.024811
1965,1,-0.043551,0.0,-0.045924,0.0,-0.005482,0.042518,-0.000172,0.014558
1965,2,0.025828,0.0,0.052047,0.0,-0.00155,0.035521,0.00529,0.026425
1965,3,0.015111,0.004981,0.020488,0.005691,0.008844,0.043027,0.007404,0.025127
1965,4,0.04228,0.0,-0.042339,0.0,0.005246,0.048025,0.001029,0.021359
1965,5,-0.055021,0.0,-0.075812,0.0,0.001531,0.041491,-0.000396,0.023784
1965,6,0.000468,0.003441,0.016402,0.00594,-0.004224,0.034809,0.004289,0.031256
1965,7,0.012794,0.0,-0.034516,0.0,-0.007419,0.027011,0.000625,0.019404
1965,8,0.039269,0.0,0.023996,0.0,0.010931,0.03688,0.005133,0.020288
1965,9,0.01472,0.004999,0.013256,0.005573,-0.005806,0.042696,0.003249,0.027989
1965,10,0.036233,0.0,0.089983,0.0,-0.010779,0.045091,0.003353,0.026708
1965,11,-0.000258,0.0,-0.007453,0.0,0.000851,0.036692,0.002334,0.017401
1965,12,-0.013125,0.004749,-0.004186,0.006904,0.020121,0.039069,0.007156,0.022341
1966,1,0.025737,0.0,0.001597,0.0,0.017295,0.038951,0.001741,0.020288
1966,2,6.2e-05,0.0,0.027402,0.0,0.00625,0.043082,0.000104,0.031854
1966,3,0.059962,0.00417,0.038872,0.006628,0.009075,0.039066,0.002284,0.023831
1966,4,0.026329,0.0,0.044533,0.0,0.001252,0.047645,0.002992,0.027115
1966,5,0.001572,0.0,-0.021172,0.0,0.012773,0.047515,-0.00014,0.03122
1966,6,-0.064196,0.003777,-0.024992,0.005862,0.016405,0.044773,0.000439,0.021522
1966,7,0.111368,0.0,0.052604,0.0,0.005519,0.041701,0.000871,0.026863
1966,8,0.023125,0.0,0.007763,0.0,-0.005363,0.040479,0.000916,0.029366
1966,9,-0.026589,0.002918,-0.002068,0.005461,0.006993,0.036526,0.002331,0.025872
1966,10,-0.014057,0.0,-0.013914,0.0,0.003647,0.028464,0.001512,0.02848
1966,11,0.047229,0.0,0.037632,0.0,-0.000117,0.034942,0.004966,0.02833
1966,12,0.017975,0.004465,0.033091,0.005709,0.002858,0.041732,0.000799,0.023651
1967,1,0.042699,0.0,-0.004512,0.0,8.8e-05,0.042212,-0.000111,0.029071
1967,2,0.039717,0.0,0.070908,0.0,0.008673,0.039692,0.007381,0.030318
1967,3,0.031698,0.003686,0.031255,0.004648,0.015643,0.036034,0.000845,0.023415
1967,4,0.040941,0.0,0.013347,0.0,0.007278,0.039201,0.006944,0.023426
1967,5,0.010004,0.0,0.030736,0.0,-0.006621,0.032517,-0.001867,0.030442
1967,6,-0.033603,0.003455,-0.027334,0.006206,0.002783,0.037963,0.004577,0.009467
1967,7,-0.016992,0.0,-0.027589,0.0,0.015243,0.033951,-0.000325,0.029251
1967,8,0.071225,0.0,0.020024,0.0,0.012085,0.037949,0.000771,0.02833
1967,9,0.032102,0.00601,0.035575,0.006,-0.001288,0.03489,0.001047,0.022558
1967,10,0.068123,0.0,0.000911,0.0,0.005597,0.034016,0.002064,0.027123
1967,11,-0.025753,0.0,0.011388,0.0,0.005102,0.038853,0.002185,0.021608
1967,12,-0.021271,0.004586,-0.036147,0.005998,-0.002362,0.040115,0.003343,0.036207
1968,1,0.007794,0.0,0.019597,0.0,0.013176,0.044492,0.000604,0.023905
1968,2,-0.00953,0.0,0.004341,0.0,-0.000488,0.036455,0.005779,0.031809
1968,3,-0.016138,0.003568,0.040062,0.00471,0.006757,0.034982,0.001432,0.022721
1968,4,0.025587,0.0,-0.026717,0.0,0.002922,0.042784,0.006475,0.020898
1968,5,0.000723,0.0,-0.020493,0.0,0.006931,0.048821,5e-06,0.020342
1968,6,-0.012881,0.003078,-0.002852,0.006255,0.001585,0.042811,-0.000197,0.025335
1968,7,-0.034367,0.0,-0.03331,0.0,0.000198,0.037786,-0.003937,0.030113
1968,8,0.009977,0.0,0.023209,0.0,-0.002725,0.0404,0.003503,0.023164
1968,9,-0.012573,0.00337,0.042174,0.004824,-0.000248,0.039266,0.003311,0.031415
1968,10,-0.014538,0.0,0.039359,0.0,0.007278,0.042148,0.002294,0.025553
1968,11,0.017445,0.0,-0.004687,0.0,0.008729,0.047295,6.9e-05,0.026891
1968,12,0.018927,0.004979,-0.035435,0.006858,0.008592,0.042781,0.002078,0.022177
1969,1,-0.037604,0.0,-0.013622,0.0,-0.010286,0.03831,0.001904,0.03106
1969,2,0.028555,0.0,0.000468,0.0,0.018365,0.041463,0.0008,0.024666
1969,3,0.032412,0.004356,0.008369,0.006289,0.005808,0.046994,0.007655,0.021325
1969,4,-0.013551,0.0,-0.049955,0.0,0.005445,0.030328,0.006296,0.029845
1969,5,-0.077497,0.0,-0.048289,0.0,0.003644,0.037979,0.000172,0.0209
1969,6,0.01566,0.004645,0.043771,0.006601,-0.000554,0.039017,0.004436,0.028434
1969,7,0.031355,0.0,0.056332,0.0,0.005869,0.043235,-0.000213,0.023917
1969,8,0.054818,0.0,0.027794,0.0,0.021143,0.050808,0.001396,0.014956
1969,9,0.095569,0.002636,0.063857,0.007862,0.005757,0.041837,0.000125,0.018884
1969,10,0.054294,0.0,0.048043,0.0,0.012091,0.041096,0.006831,0.02107
1969,11,-0.011598,0.0,-0.007705,0.0,0.013304,0.044785,0.002803,0.018523
1969,12,-0.024579,0.005498,0.046575,0.005199,0.012365,0.038225,-0.000432,0.02956
1970,1,0.005186,0.0,0.052068,0.0,0.006466,0.044512,0.002424,0.025061
1970,2,0.011337,0.0,-0.056786,0.0,-0.004519,0.036677,0.001902,0.032404
1970,3,-0.034817,0.004732,-0.035439,0.005458,0.000236,0.04095,-0.000387,0.025313
1970,4,0.017266,0.0,-0.021239,0.0,-0.001719,0.030118,-0.002251,0.024339
1970,5,-0.009977,0.0,0.024801,0.0,0.007785,0.045688,0.000672,0.025189
1970,6,0.032192,0.003598,-0.093301,0.004905,-0.009302,0.041549,-0.002903,0.02985
1970,7,0.014587,0.0,-0.003654,0.0,0.004689,0.043126,0.003539,0.023028
1970,8,0.021945,0.0,0.007952,0.0,-0.00361,0.040063,-0.004213,0.020779
1970,9,0.00276,0.00439,0.015339,0.004572,0.001968,0.043744,0.002039,0.021809
1970,10,0.008073,0.0,-0.029336,0.0,-0.00379,0.03612,0.002046,0.021025
1970,11,-0.001709,0.0,-0.001969,0.0,-0.003544,0.042668,0.00579,0.024326
1970,12,-0.031911,0.004812,0.001084,0.006473,0.011217,0.049481,0.003799,0.031329
1971,1,-0.030677,0.0,-0.058535,0.0,-0.002462,0.039562,0.004567,0.036771
1971,2,0.028892,0.0,0.087568,0.0,0.006265,0.041034,0.000885,0.021673
1971,3,-0.000475,0.004161,0.030449,0.005002,0.010231,0.038226,0.002006,0.02171
1971,4,0.018811,0.0,0.016249,0.0,-0.005161,0.041377,0.00426,0.019794
1971,5,0.010512,0.0,0.001775,0.0,0.011295,0.04665,0.000336,0.029655
1971,6,0.039225,0.004502,0.062223,0.006552,-0.010073,0.034881,-0.00116,0.019183
1971,7,-0.014584,0.0,0.049933,0.0,-0.000709,0.034638,-0.003857,0.02749
1971,8,0.007251,0.0,0.003834,0.0,-0.003569,0.03806,0.002707,0.021152
1971,9,-0.06656,0.002376,-0.045669,0.008732,0.020708,0.035618,0.008125,0.024911
1971,10,0.016087,0.0,0.044717,0.0,0.007157,0.0477,-0.000119,0.023586
1971,11,0.010852,0.0,-0.018745,0.0,-0.001648,0.048031,0.003513,0.025155
1971,12,-0.033012,0.005577,-0.013651,0.007846,0.010199,0.041016,-0.000175,0.01461
1972,1,0.05161,0.0,-0.026113,0.0,-0.001137,0.037453,-0.000509,0.025547
1972,2,0.033063,0.0,-0.020938,0.0,-0.002481,0.036101,0.003832,0.018151
1972,3,0.032076,0.003093,0.013626,0.007985,0.007515,0.040379,0.00051,0.021182
1972,4,0.035571,0.0,0.030269,0.0,-0.007961,0.034635,-7.8e-05,0.016883
1972,5,0.036745,0.0,0.022975,0.0,0.011193,0.04136,-0.000549,0.035848
1972,6,0.009916,0.002783,0.097422,0.005812,0.000675,0.046797,0.007458,0.026709
1972,7,0.026754,0.0,-0.021187,0.0,-0.006508,0.036604,0.004095,0.029307
1972,8,-0.026079,0.0,-0.014689,0.0,-0.013831,0.038331,0.004092,0.013239
1972,9,-0.126252,0.004948,-0.043906,0.007815,0.00715,0.046702,0.003805,0.031992
1972,10,0.055367,0.0,0.059748,0.0,0.007429,0.031565,0.004676,0.025531
1972,11,-0.075927,0.0,-0.094447,0.0,-0.000502,0.039751,0.001644,0.019117
1972,12,0.018702,0.004523,-0.037464,0.007331,0.009409,0.037141,0.005082,0.01446
1973,1,0.015997,0.0,0.039278,0.0,0.009391,0.035886,0.003824,0.022455
1973,2,-0.055571,0.0,-0.014524,0.0,-0.004197,0.040894,0.006458,0.027752
1973,3,0.037906,0.005468,0.056421,0.006331,-0.005307,0.030887,0.005913,0.029244
1973,4,-0.00422,0.0,0.04352,0.0,0.008748,0.045797,0.007746,0.034013
1973,5,0.012506,0.0,0.084858,0.0,0.017546,0.041873,0.002362,0.022437
1973,6,-0.005233,0.004292,0.00226,0.007593,-0.009896,0.036916,0.007358,0.019268
1973,7,0.025343,0.0,-0.047096,0.0,0.008382,0.039858,0.003531,0.023894
1973,8,-0.02348,0.0,0.064343,0.0,0.00129,0.040894,0.007443,0.030773
1973,9,0.010534,0.004266,-0.012348,0.005254,-0.0119,0.038653,0.007514,0.023389
1973,10,0.010228,0.0,-0.06877,0.0,0.003976,0.040009,0.008218,0.024304
1973,11,0.026639,0.0,-0.011499,0.0,-0.00041,0.046996,0.00571,0.020002
1973,12,0.013485,0.003875,0.016186,0.006146,0.006467,0.040979,0.00588,0.035441
1974,1,0.013345,0.0,0.008681,0.0,-0.007602,0.045611,0.005272,0.026017
1974,2,0.011829,0.0,0.026957,0.0,0.003001,0.040185,0.005969,0.018723
1974,3,0.020331,0.00517,-0.012072,0.006197,0.00218,0.049122,0.005177,0.025198
1974,4,0.06869,0.0,0.097884,0.0,0.004833,0.040057,0.01099,0.022763
1974,5,-0.074636,0.0,-0.062685,0.0,0.009178,0.038451,0.012557,0.027698
1974,6,-0.081576,0.005577,-0.094613,0.004429,-0.011961,0.045149,0.004891,0.031324
1974,7,0.061847,0.0,0.060542,0.0,0.011786,0.043435,0.006978,0.019621
1974,8,0.084463,0.0,-0.005271,0.0,0.004892,0.036801,0.007352,0.022916
1974,9,0.038348,0.005048,-0.006416,0.007435,0.013125,0.043086,0.008483,0.02199
1974,10,0.04709,0.0,0.02428,0.0,0.018277,0.052033,0.002538,0.01757
1974,11,-0.026613,0.0,-0.006475,0.0,0.005881,0.035892,0.008945,0.019679
1974,12,0.013453,0.003445,-0.032487,0.00588,-0.006493,0.033765,0.005564,0.026161
1975,1,-0.000274,0.0,0.051711,0.0,-0.008107,0.041221,0.01054,0.030431
1975,2,-0.050283,0.0,-0.077175,0.0,0.010429,0.036814,0.007994,0.016098
1975,3,0.038401,0.003933,0.045528,0.007704,0.003473,0.032235,0.006726,0.02611
1975,4,-0.0556,0.0,-0.013064,0.0,-0.000253,0.038303,0.005616,0.022874
1975,5,0.019357,0.0,0.017703,0.0,0.003271,0.035769,0.010736,0.025946
1975,6,-0.035754,0.003861,-0.044041,0.005055,-0.000257,0.04072,0.008985,0.032634
1975,7,0.019874,0.0,0.007356,0.0,-0.008891,0.035053,0.005773,0.031106
1975,8,0.092233,0.0,0.063097,0.0,0.002328,0.040884,0.000769,0.02928
1975,9,0.145497,0.004086,0.039395,0.005282,-0.004833,0.043541,0.005516,0.023193
1975,10,-0.006764,0.0,-0.014601,0.0,0.021699,0.052679,0.005925,0.026209
1975,11,-0.060421,0.0,-0.04371,0.0,-0.003976,0.040804,0.008933,0.02276
1975,12,0.024108,0.004335,0.048279,0.007568,0.004148,0.042383,0.007302,0.023693
1976,1,0.108594,0.0,0.030803,0.0,-0.001743,0.047942,0.003357,0.023247
1976,2,0.036716,0.0,0.003144,0.0,0.011062,0.0411,0.004567,0.032528
1976,3,-0.007207,0.0044,-0.045448,0.006094,0.014627,0.043893,0.005437,0.033014
1976,4,0.030404,0.0,0.037155,0.0,0.000473,0.045045,0.004606,0.02658
1976,5,-0.015125,0.0,-0.031768,0.0,0.004313,0.044014,0.006655,0.032174
1976,6,-0.001152,0.005217,-0.05197,0.006543,-0.001894,0.051842,0.007684,0.023497
1976,7,0.0355,0.0,0.048125,0.0,0.011334,0.036506,0.001515,0.016369
1976,8,-0.056101,0.0,-0.05774,0.0,0.003075,0.039122,0.00965,0.027461
1976,9,-0.000709,0.002873,0.001554,0.005642,0.007701,0.030152,0.009997,0.031871
1976,10,-0.030234,0.0,0.036845,0.0,0.006745,0.033459,0.007245,0.019404
1976,11,0.009832,0.0,0.010177,0.0,0.001092,0.03517,0.00414,0.022906
1976,12,0.05087,0.004246,-0.021363,0.006545,-0.003269,0.039507,0.007701,0.032094
1977,1,0.013698,0.0,0.012112,0.0,0.006533,0.048635,0.010621,0.02568
1977,2,-0.010683,0.0,-0.076052,0.0,-0.013504,0.039428,0.005686,0.027528
1977,3,0.000192,0.004959,-0.020134,0.005975,-0.011072,0.043516,0.010517,0.017869
1977,4,-0.000478,0.0,0.029611,0.0,-0.007765,0.043282,0.005104,0.027493
1977,5,0.010326,0.0,-0.034093,0.0,0.007085,0.043556,0.005867,0.039445
1977,6,-0.107153,0.004249,-0.062237,0.006298,-0.010419,0.042263,0.004749,0.019313
1977,7,-0.020763,0.0,-0.017595,0.0,-0.001433,0.046957,0.006914,0.030083
1977,8,0.035676,0.0,-0.000609,0.0,0.010808,0.035408,0.011369,0.035054
1977,9,0.021023,0.003805,0.009417,0.005784,0.014056,0.037665,0.008819,0.02123
1977,10,0.003919,0.0,-0.067387,0.0,0.006913,0.044132,0.00266,0.023248
1977,11,0.007435,0.0,0.037667,0.0,0.003781,0.04339,0.00766,0.017354
1977,12,-0.020526,0.002466,0.026552,0.005737,0.005095,0.043068,0.010255,0.020838
1978,1,-0.033363,0.0,-0.041152,0.0,-0.012471,0.034236,0.013508,0.026272
1978,2,-0.038381,0.0,-0.041746,0.0,0.007013,0.041507,0.006337,0.020065
1978,3,-0.021114,0.004564,-0.02803,0.004163,0.014132,0.03923,0.009612,0.018103
1978,4,-0.01493,0.0,0.028704,0.0,-0.000578,0.042335,0.011123,0.026422
1978,5,0.035577,0.0,-0.026524,0.0,0.014422,0.033583,0.00431,0.021269
1978,6,-0.051506,0.002507,-0.029795,0.006499,0.006406,0.036127,0.00387,0.022695
1978,7,-0.002714,0.0,0.046628,0.0,-0.009364,0.040832,0.008842,0.02118
1978,8,-0.011395,0.0,-0.094666,0.0,0.008032,0.048087,0.005611,0.030359
1978,9,-0.001476,0.005036,-0.03414,0.00648,0.001912,0.040419,0.010002,0.022492
1978,10,0.007507,0.0,-0.010672,0.0,0.006353,0.03704,0.006507,0.021171
1978,11,0.019268,0.0,0.032907,0.0,-0.003608,0.037206,0.001353,0.035641
1978,12,0.009695,0.003749,0.015109,0.006475,-0.001876,0.043142,0.002646,0.032105
1979,1,0.02155,0.0,0.057732,0.0,0.022752,0.13075,0.01177,0.095426
1979,2,-0.009595,0.0,-0.016421,0.0,0.004509,0.128461,0.007236,0.098705
1979,3,-0.006491,0.003151,0.007379,0.004807,0.001235,0.106772,0.008021,0.099238
1979,4,-0.044147,0.0,-0.041472,0.0,0.006393,0.121613,0.009567,0.129611
1979,5,0.03096,0.0,0.035265,0.0,-0.000974,0.139638,0.000353,0.111243
1979,6,-0.043756,0.003529,-0.022771,0.005317,0.005205,0.123034,0.010445,0.095131
1979,7,-0.004665,0.0,0.015012,0.0,0.018905,0.111479,0.005397,0.095627
1979,8,-0.023705,0.0,-0.102819,0.0,0.021897,0.122462,0.001922,0.095597
1979,9,-0.073295,0.004457,-0.023755,0.005684,0.028688,0.135793,0.006646,0.099265
1979,10,0.050948,0.0,0.005764,0.0,0.003453,0.110275,0.007572,0.114111
1979,11,0.000303,0.0,0.051707,0.0,0.025165,0.098707,0.00355,0.081058
1979,12,0.056331,0.003721,0.074442,0.004139,0.027444,0.125091,0.004337,0.085749
1980,1,0.01507,0.0,0.067898,0.0,0.014215,0.10982,0.006973,0.106798
1980,2,0.059782,0.0,0.012471,0.0,-0.015711,0.108708,0.008544,0.070774
1980,3,0.070868,0.001506,0.041373,0.006172,0.002307,0.122301,0.006623,0.101026
1980,4,0.015715,0.0,0.031356,0.0,0.002949,0.112656,0.00561,0.097466
1980,5,-0.04395,0.0,-0.091302,0.0,0.003188,0.113811,0.006618,0.114124
1980,6,-0.034763,0.003813,-0.068272,0.007338,0.005262,0.127663,0.010649,0.109283
1980,7,-0.0131,0.0,-0.049527,0.0,0.000495,0.11175,0.009283,0.097043
1980,8,0.011639,0.0,0.018044,0.0,0.003817,0.12629,0.009671,0.109244
1980,9,0.047195,0.003427,0.078309,0.006677,0.009631,0.116065,0.010975,0.089076
1980,10,0.07417,0.0,0.027972,0.0,0.006953,0.12494,0.00691,0.109288
1980,11,0.039089,0.0,0.019469,0.0,0.007244,0.132881,0.011428,0.105486
1980,12,0.000684,0.005092,0.024384,0.005613,0.01803,0.10707,0.005059,0.088358
1981,1,-0.025952,0.0,-0.010628,0.0,0.004593,0.123511,0.006017,0.109122
1981,2,0.006512,0.0,-0.015574,0.0,0.024926,0.11448,0.008628,0.085294
1981,3,0.02772,0.004352,0.011209,0.00529,0.011078,0.109568,0.007081,0.107197
1981,4,0.049426,0.0,0.053554,0.0,0.001129,0.103925,0.008256,0.084299
1981,5,0.08437,0.0,0.043143,0.0,0.012516,0.138685,0.007294,0.097234
1981,6,0.022813,0.003839,-0.00493,0.006704,0.015563,0.113494,0.015423,0.095076
1981,7,0.036648,0.0,-0.008665,0.0,0.007927,0.116478,0.008919,0.101853
1981,8,-0.019605,0.0,-0.000984,0.0,0.015975,0.114384,0.006765,0.088647
1981,9,0.013419,0.003043,-0.014642,0.00633,0.010242,0.127974,0.010998,0.094976
1981,10,0.028546,0.0,-0.00756,0.0,0.024524,0.123613,0.007279,0.107931
1981,11,0.036467,0.0,0.042419,0.0,0.006677,0.109269,0.01333,0.071609
1981,12,0.017271,0.002542,-0.014691,0.006167,0.008815,0.107595,0.008669,0.09773
1982,1,0.05264,0.0,0.060457,0.0,-0.003837,0.103791,-0.000444,0.092859
1982,2,0.032857,0.0,0.004805,0.0,-0.000674,0.125351,0.00228,0.084969
1982,3,0.008279,0.002859,0.020829,0.005713,0.02813,0.115162,0.004917,0.103537
1982,4,-0.019881,0.0,-0.028153,0.0,0.005244,0.119267,0.002095,0.101902
1982,5,0.061085,0.0,0.036644,0.0,-0.000398,0.121031,0.000334,0.101641
1982,6,0.019033,0.002902,-0.035709,0.005488,0.014326,0.115499,-0.000165,0.081403
1982,7,0.033322,0.0,0.077788,0.0,0.014524,0.124003,0.003594,0.083704
1982,8,-0.022413,0.0,-0.045154,0.0,0.016958,0.133947,-2.1e-05,0.100473
1982,9,0.018745,0.004583,0.028068,0.006357,0.016028,0.13353,0.003974,0.10236
1982,10,0.004613,0.0,0.023795,0.0,0.001804,0.104804,0.003017,0.100011
1982,11,-0.053639,0.0,-0.038363,0.0,0.008807,0.140817,0.001514,0.093891
1982,12,0.000663,0.003506,-0.044123,0.005924,0.002781,0.125056,0.004827,0.107661
1983,1,0.016518,0.0,-0.020514,0.0,-0.013113,0.04032,0.001882,0.019166
1983,2,0.00386,0.0,0.033283,0.0,0.001174,0.046541,0.001755,0.034107
1983,3,-0.046914,0.004491,-0.069671,0.005307,-0.002944,0.046293,0.002512,0.023307
1983,4,-0.00854,0.0,0.009093,0.0,0.006829,0.042052,0.004913,0.020999
1983,5,0.079923,0.0,0.114619,0.0,-0.002114,0.043458,0.000975,0.024012
1983,6,-0.031944,0.005454,-0.028377,0.005191,-0.00566,0.034399,0.005317,0.026481
1983,7,0.066098,0.0,0.057954,0.0,-0.001436,0.041815,0.001559,0.019253
1983,8,0.005091,0.0,0.038601,0.0,0.002916,0.042386,0.002522,0.022524
1983,9,-0.029881,0.00467,0.008357,0.006477,0.006591,0.037081,0.0057,0.018662
1983,10,0.004534,0.0,-0.020626,0.0,-0.008135,0.037161,0.00142,0.028723
1983,11,-0.002488,0.0,0.012649,0.0,-0.004503,0.043733,0.003043,0.023368
1983,12,0.001029,0.003917,-0.038733,0.006208,-0.007518,0.036974,0.002329,0.027739
1984,1,-0.018954,0.0,-0.022439,0.0,-0.005901,0.041631,0.006711,0.025737
1984,2,0.039119,0.0,0.012682,0.0,0.000367,0.038781,0.004095,0.028091
1984,3,0.011813,0.004057,0.007793,0.003939,-0.01638,0.04194,-0.001308,0.025839
1984,4,0.053109,0.0,0.084469,0.0,-0.000491,0.033896,0.00296,0.027506
1984,5,-0.021629,0.0,0.004533,0.0,-0.003395,0.030991,0.008861,0.016816
1984,6,-0.04825,0.00499,-0.047836,0.004247,0.009333,0.041052,0.002897,0.02043
1984,7,-0.075301,0.0,0.011898,0.0,-0.001241,0.040776,0.002554,0.028879
1984,8,-0.004928,0.0,0.003524,0.0,-0.000426,0.042365,-0.001021,0.028906
1984,9,-0.034775,0.003182,-0.122857,0.007629,0.017345,0.039776,0.000229,0.023317
1984,10,0.02572,0.0,0.038884,0.0,0.001357,0.040772,0.003161,0.037649
1984,11,0.038654,0.0,0.029464,0.0,0.008551,0.033677,0.001441,0.025845
1984,12,-0.013177,0.004782,-0.053086,0.005717,0.003059,0.037981,0.003828,0.036061
1985,1,0.074518,0.0,0.104181,0.0,-0.000224,0.037827,-0.000925,0.02712
1985,2,0.014713,0.0,-0.004732,0.0,0.010973,0.042084,0.00283,0.019206
1985,3,0.031139,0.005503,0.071272,0.0048,0.01134,0.045069,0.000923,0.021136
1985,4,0.090552,0.0,0.03557,0.0,-0.006674,0.044131,-0.001153,0.023412
1985,5,0.015651,0.0,0.010198,0.0,0.017111,0.044726,0.001724,0.024049
1985,6,-0.003986,0.005261,-0.04578,0.006389,-0.000961,0.042595,-0.000809,0.028043
1985,7,0.029792,0.0,0.029279,0.0,0.008524,0.041152,0.00366,0.02202
1985,8,0.085105,0.0,0.069987,0.0,-0.000608,0.034656,0.00315,0.021306
1985,9,0.033364,0.005846,0.059593,0.007573,-0.00757,0.032915,0.00271,0.023115
1985,10,0.06409,0.0,-0.014521,0.0,-0.004222,0.047851,0.001647,0.029235
1985,11,0.002168,0.0,0.074042,0.0,0.009348,0.041011,0.00356,0.032522
1985,12,0.027982,0.00256,0.035786,0.006165,-0.005395,0.042111,0.002657,0.029507
1986,1,0.015185,0.0,-0.004608,0.0,-0.014035,0.0402,0.005095,0.031939
1986,2,0.048986,0.0,0.107386,0.0,0.007308,0.045483,0.002004,0.030024
1986,3,-0.045583,0.002944,-0.028919,0.006728,0.000605,0.037461,0.000138,0.021624
1986,4,0.075488,0.0,0.080195,0.0,0.007752,0.035548,0.000193,0.026486
1986,5,-0.009147,0.0,-0.003605,0.0,0.002293,0.044639,0.005194,0.017156
1986,6,-0.020157,0.004805,-0.040183,0.005718,0.02048,0.043331,0.004227,0.026017
1986,7,0.051124,0.0,0.043782,0.0,0.007329,0.033042,0.002643,0.01953
1986,8,-0.000882,0.0,0.028883,0.0,0.002502,0.040023,-0.001962,0.02717
1986,9,0.080421,0.003081,0.066643,0.006571,0.002495,0.039842,-0.000247,0.018497
1986,10,-0.054473,0.0,0.006723,0.0,-0.002214,0.032746,0.00224,0.02501
1986,11,0.005736,0.0,-0.029095,0.0,0.008972,0.04352,0.003996,0.024909
1986,12,0.004824,0.003213,0.033095,0.006657,0.000524,0.041714,0.005275,0.026468
1987,1,-0.001736,0.0,-0.03466,0.0,-0.001078,0.048374,0.001688,0.018601
1987,2,0.044526,0.0,0.042093,0.0,0.004374,0.039852,0.001192,0.029413
1987,3,0.060266,0.005474,0.023962,0.007277,0.013909,0.041288,0.007147,0.031716
1987,4,0.024963,0.0,0.006031,0.0,0.015912,0.045335,0.001229,0.026399
1987,5,-0.011883,0.0,0.057066,0.0,-0.005802,0.046893,0.000223,0.031512
1987,6,0.015287,0.001716,0.039877,0.005301,0.006698,0.038554,0.004849,0.01965
1987,7,0.085242,0.0,0.002248,0.0,0.00921,0.044687,0.003847,0.023823
1987,8,-0.03862,0.0,-0.01282,0.0,0.002744,0.037755,-0.001563,0.022198
1987,9,0.03417,0.004794,0.000351,0.005786,0.020849,0.04105,0.00107,0.030059
1987,10,-0.218,0.0,-0.165117,0.0,0.005049,0.036018,0.003598,0.035482
1987,11,0.003145,0.0,0.008303,0.0,0.001484,0.039148,-0.002809,0.032583
1987,12,0.065571,0.005157,0.064136,0.006738,0.017807,0.045618,-0.000479,0.021256
1988,1,0.030927,0.0,0.031342,0.0,0.013751,0.027797,0.001532,0.025395
1988,2,0.05508,0.0,0.057085,0.0,0.002728,0.045295,0.008429,0.031266
1988,3,0.033464,0.005314,-0.003608,0.005902,-0.007181,0.03499,0.001024,0.024188
1988,4,-0.009801,0.0,-0.057486,0.0,0.008573,0.043229,0.001662,0.015495
1988,5,-0.008006,0.0,-0.015902,0.0,-0.003701,0.044803,-0.002241,0.026218
1988,6,0.051332,0.0011,0.055366,0.008012,0.014149,0.041369,-0.00651,0.029834
1988,7,-0.008542,0.0,0.074484,0.0,-0.005334,0.044102,0.004149,0.022658
1988,8,0.007659,0.0,-0.003587,0.0,0.008415,0.042115,0.000698,0.016413
1988,9,0.002245,0.00494,-0.031661,0.007451,0.001212,0.041991,-0.000227,0.019688
1988,10,0.023075,0.0,0.087442,0.0,0.006244,0.041378,0.001349,0.026918
1988,11,-0.046078,0.0,-0.037032,0.0,0.009021,0.037183,0.00339,0.018595
1988,12,-0.035525,0.003063,-0.059205,0.00735,0.000448,0.037902,0.000607,0.012148
1989,1,0.015732,0.0,0.044481,0.0,-0.010141,0.041346,0.00081,0.024926
1989,2,-0.002901,0.0,0.03928,0.0,0.003924,0.039884,0.006839,0.023435
1989,3,0.03452,0.003985,0.049143,0.006161,-0.015119,0.031933,0.010108,0.022923
1989,4,0.052007,0.0,0.057187,0.0,-0.000713,0.033478,0.003518,0.021947
1989,5,-0.02436,0.0,0.00959,0.0,0.007902,0.039104,0.002395,0.025482
1989,6,-0.02991,0.002653,0.018298,0.007968,-0.005641,0.037318,-0.001622,0.023212
1989,7,-0.013436,0.0,0.080143,0.0,0.006258,0.044011,0.00433,0.024724
1989,8,-0.051345,0.0,0.008537,0.0,0.008112,0.039436,-0.000513,0.023096
1989,9,-0.03488,0.003337,-0.066771,0.005152,0.010147,0.047502,0.002035,0.033571
1989,10,0.042739,0.0,-0.008395,0.0,0.009598,0.036036,0.003698,0.023432
1989,11,-0.065978,0.0,-0.035239,0.0,0.009308,0.032631,0.002381,0.025788
1989,12,-0.031618,0.00687,-0.016926,0.007148,0.007996,0.0468,0.00043,0.027818
1990,1,0.003573,0.0,-0.030916,0.0,-0.002814,0.04046,0.002582,0.025007
1990,2,0.025716,0.0,0.047025,0.0,0.015551,0.04114,-0.001078,0.02422
1990,3,0.013392,0.003556,-0.067502,0.006596,-0.009481,0.040831,0.00404,0.032011
1990,4,0.012331,0.0,-0.045456,0.0,-0.001568,0.048907,0.005759,0.023637
1990,5,0.066296,0.0,0.025954,0.0,-0.011782,0.039184,0.0031,0.022013
1990,6,0.006932,0.005975,-0.007577,0.005125,-0.00481,0.044401,0.003573,0.019971
1990,7,-0.02096,0.0,0.011245,0.0,0.005846,0.032412,0.002911,0.026853
1990,8,0.01172,0.0,-0.022308,0.0,-0.009693,0.037317,0.000743,0.027579
1990,9,0.061211,0.001056,-0.031197,0.005573,0.016834,0.041596,-2.3e-05,0.021127
1990,10,0.013786,0.0,-0.041998,0.0,-0.001135,0.039597,0.000234,0.023039
1990,11,-0.039189,0.0,0.017526,0.0,0.002612,0.04275,0.002724,0.020487
1990,12,-0.089744,0.004185,0.002195,0.004484,-0.00072,0.04372,0.004299,0.02506
1991,1,0.059419,0.0,0.028221,0.0,-0.005172,0.047541,0.004165,0.025501
1991,2,0.02727,0.0,0.026279,0.0,0.006381,0.03865,0.003139,0.02504
1991,3,0.007208,0.00455,0.022558,0.006095,0.010504,0.042592,0.004035,0.030632
1991,4,-0.006946,0.0,-0.035451,0.0,-0.009645,0.041961,0.000696,0.01701
1991,5,-0.007688,0.0,0.028263,0.0,0.000484,0.034336,0.003601,0.020409
1991,6,-0.034658,0.003132,-0.01875,0.006606,0.003051,0.039087,0.007345,0.021486
1991,7,0.005859,0.0,-0.025907,0.0,-0.000598,0.045849,0.002163,0.026258
1991,8,0.004111,0.0,-0.023105,0.0,0.009951,0.041172,-0.004562,0.029431
1991,9,0.021546,0.00479,-0.074204,0.006181,0.005191,0.039509,0.003662,0.021737
1991,10,0.046795,0.0,0.006141,0.0,0.005959,0.033757,0.003291,0.026899
1991,11,-0.047826,0.0,-0.022183,0.0,-0.006913,0.045076,0.004169,0.032766
1991,12,-0.028184,0.005188,-0.014833,0.007407,0.000668,0.037349,0.003498,0.025961
1992,1,-0.042223,0.0,-0.068419,0.0,-0.007549,0.034371,0.002863,0.031381
1992,2,-0.044097,0.0,0.02724,0.0,0.004665,0.044863,0.000327,0.019041
1992,3,0.025445,0.003278,0.021877,0.004484,-0.00041,0.045415,0.00221,0.030435
1992,4,-0.025949,0.0,-0.051699,0.0,0.00756,0.033552,0.009855,0.023626
1992,5,-0.048498,0.0,0.003255,0.0,-0.004321,0.038507,0.000295,0.025894
1992,6,-0.002013,0.002926,0.026197,0.007375,-0.004392,0.047858,0.002761,0.019995
1992,7,-0.009512,0.0,-0.058099,0.0,0.004764,0.034598,-0.001095,0.032423
1992,8,-0.001677,0.0,-0.025924,0.0,0.006908,0.035389,-0.000113,0.024202
1992,9,0.038811,0.005237,0.02347,0.005788,0.005557,0.039615,0.000472,0.025401
1992,10,-0.021167,0.0,-0.040734,0.0,-0.00032,0.03606,-0.001127,0.01805
1992,11,0.027738,0.0,0.003878,0.0,0.008823,0.039252,0.004896,0.03131
1992,12,0.13099,0.004273,-0.045434,0.005613,0.002062,0.044121,0.003375,0.029128
1993,1,-0.033867,0.0,0.002877,0.0,0.008874,0.039763,-0.000881,0.026033
1993,2,-0.101838,0.0,-0.033296,0.0,-0.001499,0.035015,0.002208,0.029142
1993,3,-0.027334,0.003499,-0.016534,0.005665,0.001171,0.031511,0.003307,0.023266
1993,4,-0.000841,0.0,0.029258,0.0,0.002912,0.043737,0.004218,0.024481
1993,5,-0.007596,0.0,0.001722,0.0,0.003383,0.033322,0.000976,0.018957
1993,6,-0.022809,0.003878,-0.022246,0.006068,0.020644,0.050567,0.004349,0.027355
1993,7,-0.027769,0.0,-0.009696,0.0,0.00062,0.038499,-0.001002,0.024256
1993,8,-0.019235,0.0,0.028801,0.0,0.010978,0.03233,0.001116,0.028646
1993,9,0.038633,0.004459,0.007647,0.003475,0.005927,0.035574,0.001658,0.031104
1993,10,-0.012646,0.0,-0.018563,0.0,0.002437,0.042702,0.000938,0.022367
1993,11,-0.064712,0.0,-0.030584,0.0,0.007235,0.042263,-0.00185,0.032056
1993,12,-0.088215,0.004529,-0.09428,0.004731,0.002576,0.042002,0.004011,0.030115
1994,1,-0.006197,0.0,-0.039134,0.0,-0.000974,0.042506,-3.9e-05,0.012573
1994,2,0.010265,0.0,0.099551,0.0,0.018649,0.05091,0.001573,0.031961
1994,3,0.013313,0.003807,0.010348,0.007379,-0.004556,0.044077,0.00606,0.019008
1994,4,0.018533,0.0,0.00722,0.0,-0.011003,0.041841,0.006126,0.019871
1994,5,-0.019795,0.0,-0.033629,0.0,0.007828,0.040758,0.003371,0.022237
1994,6,-0.029324,0.005213,-0.066726,0.007608,-0.005974,0.03517,0.003211,0.025698
1994,7,0.072142,0.0,0.092144,0.0,-0.008327,0.040999,0.000489,0.021199
1994,8,-0.025357,0.0,-0.018843,0.0,-0.003744,0.045644,0.004062,0.021146
1994,9,-0.034938,0.004973,-0.009612,0.004558,0.005563,0.046046,0.006915,0.023898
1994,10,-0.07495,0.0,-0.053571,0.0,0.0054,0.039035,0.003502,0.023913
1994,11,0.004529,0.0,0.01757,0.0,0.005653,0.045908,-0.000157,0.022325
1994,12,0.020892,0.003208,-0.044217,0.006614,0.013566,0.036842,0.001083,0.021192
1995,1,-0.097607,0.0,-0.052345,0.0,0.008689,0.045059,0.003319,0.026606
1995,2,0.006856,0.0,-0.039431,0.0,0.001724,0.048145,0.003974,0.026968
1995,3,0.045214,0.003889,0.081072,0.007116,0.007544,0.036847,0.003718,0.025561
1995,4,0.046392,0.0,0.025644,0.0,-0.002928,0.041527,0.006215,0.024043
1995,5,0.056319,0.0,0.010846,0.0,0.0101,0.050582,-0.000659,0.032033
1995,6,0.011239,0.003007,0.050965,0.006954,0.004313,0.032143,0.003333,0.028543
1995,7,0.020355,0.0,-0.015161,0.0,-0.006644,0.049722,-6.5e-05,0.024336
1995,8,0.023939,0.0,-0.031443,0.0,0.000577,0.03216,0.001222,0.022415
1995,9,-0.010599,0.003938,0.057101,0.00642,0.006914,0.045117,0.005189,0.029361
1995,10,0.004578,0.0,0.074079,0.0,0.00972,0.036399,0.002727,0.023942
1995,11,0.000422,0.0,-0.019887,0.0,0.003079,0.034392,-0.005624,0.026784
1995,12,-0.032685,0.004832,0.036414,0.005168,-0.000694,0.035654,0.000949,0.02701
1996,1,0.05077,0.0,0.088888,0.0,0.000332,0.041102,0.001637,0.022452
1996,2,0.009532,0.0,0.006314,0.0,-0.00342,0.042486,0.005454,0.01858
1996,3,0.030465,0.005427,-0.043909,0.007503,0.003399,0.047768,0.002602,0.02797
1996,4,0.061275,0.0,0.090535,0.0,0.003693,0.042301,0.006964,0.021535
1996,5,-0.014489,0.0,-0.009983,0.0,0.019299,0.027328,0.000807,0.031363
1996,6,-0.055294,0.002158,-0.068587,0.00622,0.004584,0.034553,-0.000761,0.023303
1996,7,-0.037771,0.0,0.010236,0.0,-0.019003,0.041314,0.000306,0.023824
1996,8,0.047565,0.0,0.017694,0.0,-0.014083,0.038997,0.005703,0.021507
1996,9,0.024907,0.00369,-0.017747,0.005683,0.004823,0.044538,0.000889,0.033877
1996,10,0.00794,0.0,0.082502,0.0,-0.000483,0.037301,0.004822,0.020467
1996,11,0.060736,0.0,0.06252,0.0,0.019414,0.033794,-7.8e-05,0.022835
1996,12,0.075157,0.004082,0.018557,0.006266,-0.001428,0.04265,-0.000241,0.019537
1997,1,0.043112,0.0,-0.031149,0.0,0.009137,0.038565,0.002182,0.032368
1997,2,0.052709,0.0,0.021415,0.0,0.024061,0.036967,0.000909,0.025461
1997,3,-0.016545,0.002934,-0.031613,0.005338,0.002705,0.037491,0.000253,0.030624
1997,4,-0.0285,0.0,-0.089591,0.0,-0.010454,0.040811,0.000453,0.02405
1997,5,-0.127538,0.0,-0.109031,0.0,0.014828,0.042932,0.00348,0.036741
1997,6,-0.028604,0.005317,0.033777,0.004779,0.004624,0.045067,0.003267,0.025368
1997,7,-0.047309,0.0,-0.072611,0.0,-0.002934,0.038003,0.001146,0.025875
1997,8,0.046556,0.0,0.04773,0.0,0.001259,0.035606,0.002764,0.022123
1997,9,0.017558,0.004087,0.042423,0.007262,0.006144,0.032696,0.004807,0.027815
1997,10,0.057626,0.0,0.019916,0.0,-0.00801,0.044502,0.00168,0.028261
1997,11,0.052047,0.0,0.027948,0.0,0.017546,0.041487,0.001903,0.032211
1997,12,-0.016691,0.002574,-0.020359,0.00669,0.004756,0.04703,0.002815,0.026892
1998,1,0.068183,0.0,0.052534,0.0,0.000845,0.038322,-0.002049,0.028499
1998,2,-0.079317,0.0,-0.089842,0.0,0.014622,0.049803,-0.001041,0.028955
1998,3,-0.087601,0.003184,-0.073888,0.007378,0.001208,0.044195,0.001399,0.020919
1998,4,-0.011691,0.0,0.046304,0.0,0.009303,0.045972,0.003769,0.022821
1998,5,-0.035971,0.0,-0.041305,0.0,0.003785,0.043432,0.001358,0.024221
1998,6,0.034674,0.003547,0.018928,0.008272,0.02054,0.040359,-0.001479,0.023882
1998,7,-0.016477,0.0,0.018333,0.0,-3.6e-05,0.043122,-0.00348,0.029829
1998,8,0.093335,0.0,0.057604,0.0,0.005967,0.03469,0.003025,0.020025
1998,9,-0.075106,0.004357,-0.01174,0.006309,-0.00107,0.040252,0.002539,0.01529
1998,10,-0.052984,0.0,-0.044854,0.0,-0.004025,0.040555,0.002678,0.03478
1998,11,0.015316,0.0,-0.012159,0.0,0.015646,0.037848,0.00229,0.028977
1998,12,-0.056899,0.003816,-0.157227,0.006625,-0.004145,0.04469,-0.003925,0.028394
1999,1,0.013823,0.0,-0.066893,0.0,0.008525,0.047446,0.003362,0.02784
1999,2,0.015224,0.0,0.011995,0.0,0.005349,0.04466,0.001279,0.032767
1999,3,-0.018757,0.004524,0.087381,0.004743,-0.001143,0.047703,0.003506,0.030482
1999,4,0.056183,0.0,0.049551,0.0,0.020644,0.046172,-0.000594,0.028675
1999,5,0.039402,0.0,0.023859,0.0,0.012825,0.04471,0.00636,0.021275
1999,6,0.008693,0.003686,-0.018625,0.006978,0.004338,0.041818,0.002872,0.025437
1999,7,0.016734,0.0,0.041627,0.0,-0.003757,0.040306,0.004002,0.02665
1999,8,0.083061,0.0,0.085226,0.0,0.008456,0.039975,0.001409,0.024479
1999,9,-0.014722,0.002286,-0.04661,0.005275,0.003982,0.04604,0.000699,0.02281
1999,10,-0.013853,0.0,0.038412,0.0,0.003402,0.04141,0.004418,0.022545
1999,11,-0.039059,0.0,0.071728,0.0,0.006245,0.038123,0.002353,0.021934
1999,12,0.032301,0.00349,0.009983,0.007271,0.002824,0.031523,-0.001649,0.026071
2000,1,-0.068842,0.0,0.006959,0.0,0.018462,0.039782,-0.001107,0.020044
2000,2,0.081492,0.0,0.100439,0.0,0.007062,0.042452,-0.001066,0.028039
2000,3,-0.046738,0.005926,-0.028833,0.006588,0.013233,0.041492,-0.001246,0.03333
2000,4,-0.082783,0.0,-0.100813,0.0,-0.000345,0.035089,0.003216,0.021432
2000,5,-0.029802,0.0,-0.056251,0.0,-0.00241,0.032789,-0.000262,0.027663
2000,6,-0.036123,0.005684,-0.071047,0.008149,-0.003304,0.038257,-0.000904,0.027964
2000,7,0.006483,0.0,0.012862,0.0,0.004498,0.039619,-0.002505,0.021639
2000,8,-0.049214,0.0,-0.023693,0.0,0.01962,0.039197,-0.00058,0.016177
2000,9,-0.01355,0.003719,-0.029559,0.006959,0.00815,0.043713,-0.004144,0.02466
2000,10,-0.101572,0.0,-0.088959,0.0,0.007332,0.030309,-0.000711,0.022287
2000,11,0.009999,0.0,-0.019931,0.0,0.014798,0.034356,0.000917,0.016997
2000,12,0.049132,0.004432,-0.077101,0.005653,0.006987,0.044223,0.003664,0.023266
2001,1,0.004974,0.0,-0.030295,0.0,-0.006536,0.037842,0.00111,0.022905
2001,2,-0.022411,0.0,-0.047133,0.0,-0.001001,0.034817,-0.001009,0.017
2001,3,0.008649,0.003605,-0.019551,0.005885,-0.001132,0.040286,0.001322,0.023257
2001,4,-0.050683,0.0,-0.036114,0.0,0.008117,0.040099,-0.001678,0.033593
2001,5,-0.038606,0.0,-0.006399,0.0,-0.009666,0.03844,0.00036,0.0324
2001,6,0.005104,0.002813,-0.017083,0.00351,0.009088,0.039519,0.005265,0.025007
2001,7,-0.036979,0.0,-0.058499,0.0,0.000862,0.029119,0.000127,0.022753
2001,8,-0.021357,0.0,0.020354,0.0,-0.002642,0.038789,0.005671,0.023578
2001,9,-0.022375,0.002897,-0.059583,0.006611,0.015913,0.046145,0.002777,0.026287
2001,10,-0.072039,0.0,-0.079547,0.0,-0.00857,0.037617,0.000892,0.026235
2001,11,-0.016669,0.0,0.027004,0.0,0.000892,0.043565,0.003539,0.020991
2001,12,0.000493,0.002744,-0.011915,0.005211,-0.003457,0.042535,0.00043,0.019518
2002,1,0.069238,0.0,0.049058,0.0,0.001947,0.038811,0.001057,0.024454
2002,2,0.030789,0.0,0.045492,0.0,0.012024,0.043729,0.00399,0.017907
2002,3,-0.060607,0.004145,0.021746,0.006107,0.016884,0.032396,0.001491,0.0226
2002,4,0.002459,0.0,-0.00184,0.0,-0.00032,0.035361,0.001169,0.023037
2002,5,-0.073499,0.0,-0.099031,0.0,0.007277,0.039719,0.007567,0.017553
2002,6,-0.001251,0.00495,0.001697,0.005899,0.001193,0.044899,0.003227,0.018804
2002,7,-0.026914,0.0,-0.026476,0.0,-0.004186,0.040675,0.002218,0.029441
2002,8,-0.056881,0.0,0.038457,0.0,-0.001682,0.042833,0.006444,0.027649
2002,9,0.014694,0.0051,0.036025,0.003873,0.002498,0.037269,0.003052,0.022247
2002,10,-0.034116,0.0,-0.040755,0.0,0.014847,0.041286,0.000556,0.022407
2002,11,-0.074599,0.0,-0.007064,0.0,0.000909,0.034998,0.001265,0.020045
2002,12,0.030881,0.005007,0.02949,0.006768,-0.001944,0.03452,0.000867,0.023475
2003,1,0.059803,0.0,-0.010683,0.0,0.007298,0.038717,-0.004878,0.028551
2003,2,-0.02411,0.0,-0.016085,0.0,-0.00663,0.050818,0.002272,0.02767
2003,3,0.07786,0.0033,0.064967,0.004834,0.008443,0.043457,-0.001357,0.028358
2003,4,0.070636,0.0,0.033441,0.0,0.00102,0.042145,0.001801,0.024686
2003,5,-0.001092,0.0,-0.004704,0.0,0.013363,0.038707,0.006597,0.029091
2003,6,-0.012825,0.003473,-0.033441,0.005337,0.011932,0.047203,0.004243,0.023579
2003,7,-0.015116,0.0,-0.001519,0.0,0.001763,0.038275,0.001898,0.019261
2003,8,0.031264,0.0,-0.003439,0.0,-0.006745,0.035956,-0.00146,0.026053
2003,9,-0.050556,0.004397,-0.056602,0.005691,-0.00431,0.029371,0.005811,0.023257
2003,10,0.049998,0.0,0.012939,0.0,-0.001282,0.042159,0.007213,0.030053
2003,11,-0.034519,0.0,0.023984,0.0,0.0038,0.042249,0.003174,0.019509
2003,12,0.023084,0.002299,0.055922,0.005942,-0.006348,0.044737,0.003629,0.02374
2004,1,0.018753,0.0,0.034964,0.0,-0.00152,0.037907,0.000267,0.024227
2004,2,0.093509,0.0,0.106754,0.0,0.008411,0.045111,0.002892,0.020999
2004,3,-0.046651,0.002555,0.02297,0.007117,0.007887,0.042708,0.004426,0.017786
2004,4,-0.00013,0.0,-0.040372,0.0,0.003479,0.037804,0.002745,0.026701
2004,5,-0.035755,0.0,-0.03184,0.0,0.011321,0.04008,0.000759,0.018576
2004,6,0.004507,0.003961,0.016995,0.005057,0.019894,0.034526,0.002973,0.020391
2004,7,-0.003984,0.0,-0.062133,0.0,0.00258,0.048037,0.005678,0.021237
2004,8,0.039013,0.0,-0.074026,0.0,0.003379,0.04103,-0.000174,0.019819
2004,9,0.039176,0.005424,0.051328,0.00526,0.00037,0.051761,-0.002191,0.019739
2004,10,-0.000272,0.0,0.024209,0.0,0.008518,0.03731,-0.000201,0.026804
2004,11,0.026464,0.0,-0.003277,0.0,-0.004337,0.045021,0.005338,0.022652
2004,12,0.014858,0.002367,0.00319,0.005078,-0.002745,0.040154,0.003948,0.025743
2005,1,-0.024213,0.0,-0.054402,0.0,0.004489,0.035894,0.001002,0.024396
2005,2,-0.064297,0.0,-0.027515,0.0,0.007113,0.047188,-0.000666,0.014899
2005,3,0.00184,0.002612,0.058471,0.006497,0.011838,0.032271,0.00042,0.030265
2005,4,0.020452,0.0,-0.013667,0.0,0.003834,0.036776,0.002617,0.029792
2005,5,0.060325,0.0,-0.04254,0.0,0.012566,0.03964,0.003598,0.034299
2005,6,0.063858,0.004548,0.056363,0.005927,-0.002954,0.038285,0.005429,0.03161
2005,7,-0.052678,0.0,0.033866,0.0,0.00255,0.04431,-0.001662,0.022172
2005,8,-0.046252,0.0,0.078126,0.0,0.017666,0.035566,0.003045,0.016778
2005,9,0.02745,0.002603,0.01856,0.005843,0.001469,0.041549,-0.000625,0.014739
2005,10,0.044805,0.0,0.030229,0.0,0.011922,0.03397,0.002886,0.014974
2005,11,-0.037752,0.0,0.020635,0.0,0.019239,0.033267,-0.002469,0.022508
2005,12,-0.027993,0.002737,-0.024731,0.006745,0.00907,0.043631,-0.000537,0.032814
2006,1,0.061353,0.0,0.04183,0.0,0.007487,0.043578,-3.8e-05,0.027142
2006,2,-0.065104,0.0,-0.022013,0.0,0.022094,0.035495,0.00401,0.026372
2006,3,0.024928,0.002854,0.11219,0.00565,-0.006088,0.037201,-0.00131,0.029145
2006,4,-0.010879,0.0,-0.03475,0.0,0.004724,0.03427,0.002786,0.028227
2006,5,0.055258,0.0,0.004476,0.0,0.010014,0.036332,0.001655,0.02024
2006,6,0.014194,0.00464,0.073578,0.005771,0.002515,0.044628,-0.000711,0.032242
2006,7,0.008853,0.0,0.087812,0.0,-0.002944,0.033934,-0.002406,0.025159
2006,8,-0.007067,0.0,-0.044608,0.0,0.006254,0.045868,0.003126,0.022479
2006,9,-0.016168,0.00239,0.003559,0.006766,-0.004139,0.037403,0.001522,0.019652
2006,10,-0.00999,0.0,-0.009884,0.0,-0.01253,0.044701,0.002134,0.036576
2006,11,-0.012766,0.0,-0.018559,0.0,-0.001159,0.045134,0.008727,0.027865
2006,12,-0.035104,0.004809,-0.0071,0.006711,0.004336,0.035629,-0.000664,0.020686
2007,1,-0.012544,0.0,-0.056229,0.0,0.002616,0.038447,0.005309,0.020697
2007,2,-0.041332,0.0,0.018068,0.0,0.003064,0.034495,-0.002548,0.025351
2007,3,-0.041327,0.004917,-0.092548,0.006284,-0.009336,0.032593,0.003221,0.023775
2007,4,0.030377,0.0,0.006879,0.0,-0.014242,0.034168,0.00371,0.017459
2007,5,0.074283,0.0,0.01685,0.0,0.018422,0.037691,0.004187,0.01885
2007,6,0.002405,0.005451,0.00845,0.005931,0.006909,0.04037,0.002755,0.024955
2007,7,-0.008032,0.0,-0.008419,0.0,0.008236,0.04202,0.002816,0.030357
2007,8,-0.015122,0.0,-0.014716,0.0,0.002177,0.043323,0.005578,0.029936
2007,9,0.018734,0.003769,0.012092,0.007162,0.000113,0.043645,-0.001763,0.021523
2007,10,0.022544,0.0,0.05065,0.0,0.002225,0.041139,0.001451,0.02733
2007,11,-0.018949,0.0,-0.056347,0.0,-0.002548,0.045065,0.002229,0.017567
2007,12,-0.031439,0.005016,-0.020296,0.006567,0.006259,0.035925,0.005482,0.030539
2008,1,0.00081,0.0,-0.036517,0.0,0.006214,0.040956,0.001136,0.023325
2008,2,-0.08878,0.0,0.024548,0.0,0.011001,0.041102,0.002338,0.034942
2008,3,-0.019558,0.003819,0.015431,0.005689,0.0068,0.043069,-5e-06,0.028163
2008,4,-0.056919,0.0,-0.073149,0.0,0.003632,0.039657,0.004007,0.033066
2008,5,-0.013302,0.0,-0.051593,0.0,0.012541,0.032587,0.002244,0.028922
2008,6,-0.086273,0.00417,-0.172579,0.006742,0.007223,0.038401,-0.000384,0.029537
2008,7,-0.029007,0.0,-0.09189,0.0,-0.002159,0.024921,-0.002861,0.025998
2008,8,-0.053498,0.0,-0.036952,0.0,-0.00457,0.038699,0.004937,0.026315
2008,9,-0.09,0.00354,-0.018245,0.007563,-0.000645,0.03815,0.00157,0.020511
2008,10,-0.168,0.0,0.014494,0.0,-0.001615,0.041353,0.002364,0.038171
2008,11,0.043487,0.0,-0.072848,0.0,0.000293,0.032891,0.001938,0.019836
2008,12,-0.006189,0.006256,-0.010643,0.005769,-0.011248,0.0413,0.004148,0.029784
2009,1,-0.028118,0.0,-0.01503,0.0,0.006171,0.021864,0.003345,0.004818
2009,2,-0.010213,0.0,-0.024077,0.0,0.000556,0.017605,0.000973,0.007868
2009,3,0.026707,0.003486,-0.03724,0.006799,0.003082,0.018571,0.002018,0.005741
2009,4,-0.002787,0.0,-0.002809,0.0,0.004956,0.018049,0.006995,0.010911
2009,5,0.01731,0.0,0.009492,0.0,-0.00396,0.02394,0.001466,0.010859
2009,6,-0.082278,0.004766,-0.085742,0.00607,0.00877,0.019645,0.002213,0.006726
2009,7,-0.015221,0.0,0.006265,0.0,-0.003387,0.025286,-0.001349,0.007333
2009,8,-0.005564,0.0,-0.049148,0.0,0.005151,0.024027,-0.000998,0.009918
2009,9,-0.005437,0.002889,-0.001618,0.004832,-0.009127,0.022727,0.000784,0.005898
2009,10,0.011847,0.0,0.007515,0.0,-0.001975,0.027153,0.005315,0.008425
2009,11,-0.059727,0.0,0.002762,0.0,0.000499,0.021189,0.001714,0.011667
2009,12,0.016133,0.003924,0.017645,0.006489,-0.00557,0.021889,0.000767,0.010623
2010,1,0.013012,0.0,0.05264,0.0,-0.001022,0.023869,0.004507,0.00406
2010,2,-0.001921,0.0,-0.03529,0.0,0.002646,0.019347,0.000422,0.007754
2010,3,0.007189,0.004082,0.009475,0.005841,0.002433,0.022691,0.000555,0.003948
2010,4,0.075716,0.0,-0.038942,0.0,0.006772,0.022502,0.003366,0.010685
2010,5,0.029773,0.0,0.058449,0.0,-0.011674,0.02128,0.003178,0.007672
2010,6,-0.041764,0.005241,-0.009991,0.007372,-0.009488,0.021898,0.001565,0.006131
2010,7,-0.030911,0.0,-0.010056,0.0,-0.008322,0.017572,0.003838,0.007365
2010,8,0.005373,0.0,-0.003684,0.0,0.013053,0.015087,0.002977,0.012061
2010,9,0.026939,0.004562,0.019324,0.004073,-0.006946,0.018456,0.004238,0.010915
2010,10,-0.000674,0.0,0.03431,0.0,-0.017865,0.027659,0.000573,0.007471
2010,11,0.077865,0.0,0.039525,0.0,0.001088,0.022625,0.00335,0.007016
2010,12,-0.007566,0.005481,0.00179,0.006064,0.001374,0.024863,0.003165,0.006701
2011,1,0.030667,0.0,0.011159,0.0,0.008965,0.024578,0.000761,0.00779
2011,2,0.004201,0.0,-0.039466,0.0,0.008303,0.025233,0.002125,0.008683
2011,3,0.038294,0.0041,0.013823,0.005628,-0.005727,0.026358,0.002708,0.009249
2011,4,-0.005802,0.0,-0.090239,0.0,-0.002781,0.021158,0.001698,0.00859
2011,5,-0.02636,0.0,-0.019422,0.0,0.003774,0.024966,0.003684,0.006266
2011,6,0.038329,0.003974,0.032925,0.005575,-0.003604,0.021015,0.003393,0.009077
2011,7,-0.022257,0.0,0.035333,0.0,0.001467,0.021117,0.001981,0.013137
2011,8,-0.027085,0.0,-0.010571,0.0,0.001347,0.020492,-0.000756,0.00593
2011,9,-0.031372,0.004615,-0.019675,0.007413,0.006123,0.024016,0.00115,0.004524
2011,10,-0.02122,0.0,0.010852,0.0,-0.006307,0.020678,-0.000477,0.010082
2011,11,0.001713,0.0,0.012005,0.0,0.008217,0.022945,-0.003067,0.008028
2011,12,0.039638,0.004023,0.039086,0.00735,0.010749,0.021081,0.002891,0.007299
2012,1,-0.008877,0.0,-0.032646,0.0,0.009113,0.028356,0.003202,0.005305
2012,2,-0.009587,0.0,-0.020503,0.0,-0.000985,0.023851,0.001456,0.007378
2012,3,0.01942,0.003839,0.045543,0.006105,-0.000878,0.020894,-0.000236,0.006454
2012,4,0.009323,0.0,0.009172,0.0,0.003543,0.024161,-0.000398,0.006732
2012,5,0.062624,0.0,0.082643,0.0,-0.004654,0.023371,0.003541,0.011601
2012,6,0.000159,0.004349,-0.018156,0.00657,-0.001554,0.022255,0.000211,0.006457
2012,7,-0.005466,0.0,0.016679,0.0,0.008248,0.023879,0.005976,0.008965
2012,8,0.043724,0.0,-0.003827,0.0,0.009443,0.018539,0.002314,0.011042
2012,9,-0.009083,0.00354,0.02127,0.00709,0.000586,0.021402,0.002026,0.006868
2012,10,0.033941,0.0,0.028,0.0,-0.001992,0.022509,0.000335,0.010048
2012,11,0.075664,0.0,0.052055,0.0,0.00978,0.025574,-0.000907,0.007425
2012,12,0.015001,0.003989,0.041577,0.005259,0.00396,0.022052,0.010108,0.007623
2013,1,0.028261,0.0,0.023265,0.0,-0.00813,0.020933,0.001537,0.011991
2013,2,0.031526,0.0,0.014629,0.0,0.007907,0.024339,-5.6e-05,0.010685
2013,3,0.067568,0.005285,0.091193,0.006388,-0.012316,0.028307,0.001144,0.006921
2013,4,0.01393,0.0,0.033882,0.0,-0.007967,0.02027,0.000141,0.005954
2013,5,0.02653,0.0,0.033713,0.0,0.002619,0.022103,0.003053,0.005294
2013,6,-0.056207,0.004891,-0.03411,0.006565,0.001296,0.026018,0.001853,0.005662
2013,7,-0.043085,0.0,-0.064621,0.0,-0.007609,0.0225,0.000899,0.010649
2013,8,-0.028573,0.0,-0.035842,0.0,0.00568,0.019779,0.000989,0.009062
2013,9,0.016918,0.003932,0.049144,0.005097,0.000457,0.020616,0.000333,0.005342
2013,10,-0.014772,0.0,0.032605,0.0,-0.003917,0.017538,-0.00093,0.009365
2013,11,-0.047427,0.0,-0.023265,0.0,0.014621,0.022446,0.005368,0.007789
2013,12,-0.025235,0.004574,0.024803,0.007367,0.000942,0.018987,0.005733,0.011564
2014,1,0.039155,0.0,0.034291,0.0,-0.011004,0.018817,0.001368,0.012534
2014,2,-0.032003,0.0,0.008537,0.0,0.00881,0.017048,-0.002664,0.00489
2014,3,0.068876,0.003175,-0.031603,0.004627,0.013116,0.015931,-0.001318,0.005734
2014,4,-0.014216,0.0,0.073441,0.0,0.015283,0.019845,-0.000283,0.01231
2014,5,0.006921,0.0,0.004631,0.0,0.003417,0.023115,0.000624,0.007824
2014,6,-0.029464,0.004849,-0.041834,0.00666,0.009577,0.023708,-0.001594,0.009512
2014,7,0.042869,0.0,0.036616,0.0,0.005653,0.022395,-0.000747,0.003159
2014,8,0.036066,0.0,0.01017,0.0,0.002632,0.02192,0.000691,0.008685
2014,9,-0.044138,0.004376,-0.049991,0.006504,0.010406,0.023136,0.002718,0.007494
2014,10,0.082299,0.0,0.049456,0.0,0.011761,0.022025,0.001792,0.010539
2014,11,-0.026093,0.0,-0.059188,0.0,0.004256,0.017002,0.00036,0.005783
2014,12,0.005235,0.003914,-0.026915,0.007426,0.008051,0.02106,0.00304,0.009571
2015,1,-0.03094,0.0,0.023838,0.0,0.001388,0.017009,0.003893,0.004152
2015,2,0.00596,0.0,0.006229,0.0,-0.002233,0.018708,0.000456,0.005879
2015,3,-0.000878,0.004924,0.016405,0.007158,-0.00893,0.024861,0.002317,0.006946
2015,4,-0.028528,0.0,0.034373,0.0,-0.000993,0.019091,0.001899,0.006831
2015,5,-0.007875,0.0,-0.098346,0.0,0.010059,0.019932,0.00182,0.011598
2015,6,0.060111,0.004108,-0.003392,0.00488,-0.002133,0.026606,-0.004643,0.006862
2015,7,0.045687,0.0,0.054372,0.0,0.008953,0.024077,-0.003084,0.008656
2015,8,0.03748,0.0,0.019324,0.0,0.013704,0.025852,0.005711,0.009422
2015,9,-0.015763,0.002291,0.036377,0.006289,-0.003101,0.018659,0.001856,0.008411
2015,10,-0.034164,0.0,-0.027037,0.0,-0.00838,0.027272,0.001837,0.006395
2015,11,-0.00357,0.0,-0.030295,0.0,0.013805,0.024134,0.002388,0.011173
2015,12,0.055889,0.002954,0.01521,0.006493,0.019503,0.025434,0.004086,0.008773
2016,1,0.034147,0.0,0.02624,0.0,-0.003302,0.022229,0.00536,0.008444
2016,2,0.021078,0.0,-0.007689,0.0,-0.001421,0.024762,-0.001007,0.008902
2016,3,0.06672,0.004044,0.040456,0.006936,-0.009436,0.015721,0.004782,0.004877
2016,4,0.047194,0.0,-0.008487,0.0,0.000867,0.019003,0.002752,0.009764
2016,5,0.051464,0.0,0.10575,0.0,0.002186,0.025172,0.007765,0.006908
2016,6,0.045642,0.003811,0.040287,0.00573,0.012136,0.026105,0.001984,0.003943
2016,7,-0.016367,0.0,0.049378,0.0,0.012108,0.018458,0.004212,0.007401
2016,8,0.053463,0.0,0.032227,0.0,-0.013364,0.022855,0.000349,0.009289
2016,9,0.057918,0.003005,0.042517,0.006345,-0.000538,0.016635,0.004384,0.010539
2016,10,0.017745,0.0,0.022075,0.0,-0.004569,0.021611,-0.000919,0.007264
2016,11,0.065515,0.0,0.059719,0.0,0.006569,0.020987,0.007051,0.008637
2016,12,-0.046743,0.004362,-0.096671,0.005493,-0.009765,0.021515,0.002409,0.010858
2017,1,0.022655,0.0,-0.015777,0.0,0.011511,0.022687,0.00109,0.009363
2017,2,0.055107,0.0,0.008563,0.0,-0.003318,0.016502,0.002659,0.010322
2017,3,-0.005574,0.003478,-0.047106,0.00634,0.000229,0.019469,0.003265,0.006624
2017,4,0.010218,0.0,-0.021695,0.0,-0.005203,0.02004,-0.000246,0.010097
2017,5,0.011202,0.0,0.045777,0.0,-0.005965,0.020973,0.000785,0.008817
2017,6,-0.003223,0.005422,-0.006571,0.005326,0.012615,0.021474,0.000292,0.005536
2017,7,0.046208,0.0,0.021591,0.0,-0.004711,0.024782,-4.5e-05,0.005387
2017,8,0.04004,0.0,-0.007908,0.0,-0.012239,0.018696,0.005546,0.006364
2017,9,-0.036757,0.003104,-0.020955,0.006573,-0.002122,0.018969,-0.000419,0.008429
2017,10,-0.040782,0.0,-0.019212,0.0,-0.001312,0.024538,-0.000312,0.009882
2017,11,0.035761,0.0,0.01883,0.0,0.004321,0.016689,-0.001871,0.01001
2017,12,0.010245,0.003519,-0.057636,0.005659,0.008204,0.022269,-0.000141,0.008907
2018,1,-0.026623,0.0,-0.007701,0.0,0.005566,0.026352,0.004116,0.011202
2018,2,-0.058201,0.0,-0.065433,0.0,0.007515,0.034465,2.8e-05,0.009508
2018,3,-0.022259,0.004558,0.040161,0.00819,0.011118,0.022849,-0.002731,0.007494
2018,4,0.038173,0.0,-0.083286,0.0,0.006319,0.017771,-0.000414,0.011178
2018,5,-0.045381,0.0,-0.068314,0.0,0.000681,0.020983,0.002312,0.008024
2018,6,0.016456,0.003806,-0.006751,0.0042,-0.015279,0.021572,-0.000473,0.008435
2018,7,-0.042322,0.0,-0.055855,0.0,-0.003984,0.022092,0.003264,0.006001
2018,8,0.005572,0.0,0.003358,0.0,-0.000863,0.018449,0.000984,0.006891
2018,9,-0.013533,0.006203,-0.00417,0.006548,0.012421,0.029348,0.001253,0.0085
2018,10,0.005212,0.0,0.02124,0.0,-0.000239,0.022288,0.007359,0.009254
2018,11,0.015434,0.0,0.052911,0.0,-0.000532,0.024294,0.002907,0.006682
2018,12,-0.056988,0.003367,-0.032279,0.005717,-0.004703,0.015559,-0.000985,0.005802
2019,1,0.046604,0.0,-0.013165,0.0,-0.006978,0.026143,0.004655,0.007494
2019,2,-0.053756,0.0,0.001096,0.0,0.000391,0.023498,0.004126,0.005307
2019,3,0.014681,0.003228,0.0202,0.006604,0.000251,0.022545,0.003371,0.00727
2019,4,0.032948,0.0,0.094488,0.0,0.006595,0.021958,0.001336,0.00836
2019,5,0.07476,0.0,0.092475,0.0,0.009683,0.025348,0.005754,0.00677
2019,6,-0.003598,0.002933,-0.072057,0.003951,0.011141,0.019133,-0.001701,0.007757
2019,7,0.046318,0.0,0.019781,0.0,0.001155,0.022421,0.003451,0.009039
2019,8,0.098464,0.0,0.076049,0.0,0.007809,0.023345,0.005042,0.010712
2019,9,0.015128,0.005081,0.012091,0.00648,0.015003,0.022718,0.00407,0.009852
2019,10,-0.006709,0.0,-0.061232,0.0,0.005998,0.019546,0.002629,0.01054
2019,11,-0.026554,0.0,-0.056759,0.0,-0.008627,0.019611,0.002583,0.008091
2019,12,0.088269,0.004481,0.113665,0.006682,2.7e-05,0.029157,0.00094,0.009651
2020,1,-0.016189,0.0,0.023571,0.0,0.013825,0.022961,0.001954,0.005399
2020,2,-0.043349,0.0,-0.077597,0.0,0.005247,0.021483,0.001688,0.009036
2020,3,-0.125,0.00552,-0.063009,0.006323,-0.010074,0.021464,-0.000633,0.008337
2020,4,0.1,0.0,0.056105,0.0,0.007225,0.01908,-0.003261,0.003557
2020,5,0.1,0.0,0.133093,0.0,-0.000573,0.021341,0.004283,0.006946
2020,6,0.013655,0.005185,-0.020312,0.006464,0.003785,0.023142,0.001658,0.005771
2020,7,0.042111,0.0,0.002323,0.0,0.005293,0.020582,-0.003168,0.006311
2020,8,0.043245,0.0,0.036205,0.0,0.005582,0.017533,0.002034,0.005914
2020,9,-0.030226,0.004256,-0.047237,0.007321,0.015439,0.02087,0.002613,0.011955
2020,10,-0.018708,0.0,-0.062787,0.0,0.006403,0.019554,0.007359,0.005969
2020,11,0.1,0.0,0.132856,0.0,-0.003675,0.022245,-0.002248,0.008011
2020,12,0.01715,0.004466,0.018985,0.005443,-0.000284,0.016785,0.004089,0.009713
2021,1,-0.005435,0.0,-0.001019,0.0,-0.010195,0.023717,0.005924,0.007268
2021,2,0.061326,0.0,-0.00214,0.0,-0.005592,0.018403,0.004704,0.009059
2021,3,0.059653,0.00368,0.019626,0.005856,-0.002089,0.026496,0.003661,0.008373
2021,4,0.015895,0.0,-0.057217,0.0,0.004931,0.019102,0.007663,0.006335
2021,5,-0.002247,0.0,0.034392,0.0,-0.002716,0.024346,0.005415,0.010373
2021,6,0.024017,0.004239,0.014304,0.005582,-0.001774,0.01808,0.0073,0.008368
2021,7,-0.007215,0.0,-0.013611,0.0,-0.01149,0.021319,0.005238,0.008963
2021,8,0.046759,0.0,0.016179,0.0,-0.00216,0.025473,0.00344,0.008924
2021,9,0.008411,0.005195,-0.034061,0.006878,0.009378,0.022014,0.005599,0.007339
2021,10,0.007,0.0,0.028574,0.0,-0.00831,0.022767,0.002301,0.008381
2021,11,-0.012701,0.0,0.015845,0.0,-0.00272,0.020028,0.005232,0.008181
2021,12,-0.045553,0.003378,-0.016711,0.006218,-0.003418,0.017356,0.008916,0.008431
2022,1,-0.084966,0.0,0.025714,0.0,0.011947,0.041516,0.001989,0.044942
2022,2,-0.025109,0.0,0.091645,0.0,0.002197,0.035819,0.006154,0.042531
2022,3,0.064101,0.005392,-0.092778,0.004528,0.016264,0.041282,0.00446,0.041124
2022,4,-0.053923,0.0,-0.024198,0.0,0.029351,0.039461,0.004441,0.043685
2022,5,0.009048,0.0,0.032408,0.0,-0.00286,0.03563,0.007244,0.042195
2022,6,0.02137,0.003714,-0.079331,0.006618,-0.002421,0.040387,0.007998,0.03897
2022,7,-0.007059,0.0,-0.007733,0.0,0.009495,0.03805,0.008053,0.041164
2022,8,-0.077655,0.0,0.070487,0.0,0.013827,0.031734,0.005907,0.044822
2022,9,-0.087296,0.003561,-0.077789,0.006421,0.006498,0.036611,0.007471,0.039726
2022,10,0.143373,0.0,-0.065796,0.0,0.000995,0.042274,0.002962,0.041318
2022,11,0.023342,0.0,-0.02218,0.0,0.004974,0.034815,0.006933,0.04106
2022,12,-0.040859,0.005489,-0.021949,0.005588,0.009072,0.040706,0.003209,0.043059
2023,1,0.034884,0.0,0.020622,0.0,0.014817,0.03893,0.001191,0.045779
2023,2,-0.044093,0.0,-0.000491,0.0,0.007545,0.037617,0.002812,0.044181
2023,3,0.022229,0.003255,0.086128,0.003694,-0.015508,0.036978,0.000691,0.048713
2023,4,0.039893,0.0,0.041125,0.0,-0.012639,0.035639,-4.8e-05,0.039037
2023,5,0.011934,0.0,0.016617,0.0,0.004313,0.039409,0.005311,0.047419
2023,6,0.046361,0.0048,0.018586,0.007581,0.003423,0.03308,0.000777,0.040269
2023,7,0.058503,0.0,0.029835,0.0,0.004116,0.034307,0.001635,0.037003
2023,8,0.058897,0.0,0.01456,0.0,0.019066,0.042127,0.007825,0.042631
2023,9,-0.02365,0.004792,-0.035969,0.005484,0.011301,0.033054,0.002968,0.045774
2023,10,-0.002929,0.0,0.020148,0.0,0.007039,0.036677,0.004381,0.043354
2023,11,0.016561,0.0,0.045604,0.0,-0.01352,0.040824,-0.00063,0.044603
2023,12,0.041082,0.004097,0.062067,0.007286,0.011499,0.044622,0.000761,0.044915
2024,1,-0.043515,0.0,0.003982,0.0,7.6e-05,0.040593,0.004348,0.046077
2024,2,-0.003431,0.0,0.03059,0.0,0.007381,0.03872,0.003335,0.044266
2024,3,0.045805,0.004161,0.079593,0.006219,0.003176,0.035907,-0.000888,0.041666
2024,4,-0.016669,0.0,-0.016576,0.0,-0.00792,0.045488,-0.001936,0.042367
2024,5,-0.005399,0.0,-0.017983,0.0,-0.006268,0.035466,0.00331,0.04786
2024,6,0.001555,0.004344,0.051327,0.006265,0.002708,0.042287,0.001006,0.046234
2024,7,-0.006701,0.0,-0.001155,0.0,-0.000903,0.034812,0.000539,0.040219
2024,8,-0.023705,0.0,-0.031107,0.0,-0.007174,0.035122,-0.000314,0.042492
2024,9,-0.037002,0.00466,-0.030822,0.006661,-0.015815,0.037633,0.002792,0.0423
2024,10,-0.009377,0.0,-0.019966,0.0,-0.013464,0.028683,0.003771,0.039852
2024,11,0.093354,0.0,0.012877,0.0,-0.00154,0.038541,0.00707,0.046081
2024,12,0.070109,0.004111,0.043788,0.006067,-0.008781,0.038676,0.003415,0.040198
2025,1,0.011745,0.0,-0.019791,0.0,0.018004,0.039562,0.001208,0.044424
2025,2,0.019974,0.0,-0.031591,0.0,0.010072,0.042482,-0.001134,0.048796
2025,3,-0.005418,0.002338,0.013037,0.005733,0.0062,0.028297,0.00355,0.044774
2025,4,0.051568,0.0,0.032528,0.0,0.006692,0.041341,-0.000349,0.040029
2025,5,0.019211,0.0,-0.008056,0.0,-0.000529,0.033061,0.005593,0.041283
2025,6,0.003231,0.002116,-0.035541,0.004368,0.013497,0.036123,0.005413,0.040547
2025,7,0.077445,0.0,0.048321,0.0,0.002675,0.042501,0.001175,0.04818
2025,8,-0.034772,0.0,-0.048628,0.0,-0.004507,0.038698,0.002261,0.041741
2025,9,-0.062289,0.003626,-0.018005,0.005237,0.007262,0.042325,0.000528,0.041614
2025,10,0.002466,0.0,-0.023294,0.0,0.012754,0.040547,0.003048,0.045117
2025,11,0.007791,0.0,-0.036665,0.0,0.009701,0.036851,0.001901,0.043904
2025,12,-0.03627,0.00549,-0.037543,0.006532,0.002069,0.036422,0.001149,0.039272
